WTB,Amazon,Dollar General,Home Depot,kroger,Staples,Target,Walmart US,Lowes,Sam's Club,WalMart,Costco
http://wtb.app.channeliq.com/buyonline/Z6_XhSpPNki4rh7I-kAuxg/00643843000471/?html=true,-,-,-,-,-,-,-,-,-,-,-
http://wtb.app.channeliq.com/buyonline/Z6_XhSpPNki4rh7I-kAuxg/00643843999706/?html=true,-,-,-,-,-,-,-,-,-,-,-
http://wtb.app.channeliq.com/buyonline/Z6_XhSpPNki4rh7I-kAuxg/00643843715238/?html=true,-,-,-,-,-,-,-,-,-,-,-
http://wtb.app.channeliq.com/buyonline/Z6_XhSpPNki4rh7I-kAuxg/00643843715191/?html=true,-,-,-,-,-,-,-,-,-,-,-
http://wtb.app.channeliq.com/buyonline/Z6_XhSpPNki4rh7I-kAuxg/00643843000662/?html=true,-,-,-,-,-,-,-,-,-,-,-
http://wtb.app.channeliq.com/buyonline/Z6_XhSpPNki4rh7I-kAuxg/00643843999744/?html=true,-,-,-,-,-,-,-,-,-,-,-
http://wtb.app.channeliq.com/buyonline/Z6_XhSpPNki4rh7I-kAuxg/00643843000624/?html=true,-,-,-,-,-,-,-,-,-,-,-
http://wtb.app.channeliq.com/buyonline/Z6_XhSpPNki4rh7I-kAuxg/00643843715245/?html=true,-,-,-,-,-,-,-,-,-,-,-
http://wtb.app.channeliq.com/buyonline/Z6_XhSpPNki4rh7I-kAuxg/00643843715207/?html=true,-,-,-,-,-,-,-,-,-,-,-
http://wtb.app.channeliq.com/buyonline/Z6_XhSpPNki4rh7I-kAuxg/00643843715474/?html=true,-,-,-,-,-,-,-,-,-,-,-
http://wtb.app.channeliq.com/buyonline/Z6_XhSpPNki4rh7I-kAuxg/00643843713746/?html=true,-,-,-,-,-,-,-,-,-,-,-
http://wtb.app.channeliq.com/buyonline/Z6_XhSpPNki4rh7I-kAuxg/00643843715450/?html=true,-,-,-,-,-,-,-,-,-,-,-
http://wtb.app.channeliq.com/buyonline/Z6_XhSpPNki4rh7I-kAuxg/00643843999720/?html=true,-,-,-,-,-,-,-,-,-,-,-
http://wtb.app.channeliq.com/buyonline/Z6_XhSpPNki4rh7I-kAuxg/00643843200239/?html=true,-,-,-,-,-,-,-,-,-,-,-
http://wtb.app.channeliq.com/buyonline/Z6_XhSpPNki4rh7I-kAuxg/643843717065/?html=true,-,-,-,-,-,-,-,-,-,-,-
http://wtb.app.channeliq.com/buyonline/Z6_XhSpPNki4rh7I-kAuxg/643843717089/?html=true,-,-,-,-,-,-,-,-,-,-,-
http://wtb.app.channeliq.com/buyonline/Z6_XhSpPNki4rh7I-kAuxg/643843717102/?html=true,-,-,-,-,-,-,-,-,-,-,-
http://wtb.app.channeliq.com/buyonline/Z6_XhSpPNki4rh7I-kAuxg/643843717126/?html=true,-,-,-,-,-,-,-,-,-,-,-
http://wtb.app.channeliq.com/buyonline/Z6_XhSpPNki4rh7I-kAuxg/643843716778/?html=true,-,-,-,-,-,-,-,-,-,-,-
http://wtb.app.channeliq.com/buyonline/Z6_XhSpPNki4rh7I-kAuxg/643843716839/?html=true,-,-,-,-,-,-,-,-,-,-,-
http://wtb.app.channeliq.com/buyonline/Z6_XhSpPNki4rh7I-kAuxg/643843716808/?html=true,-,-,-,-,-,-,-,-,-,-,-
http://wtb.app.channeliq.com/buyonline/Z6_XhSpPNki4rh7I-kAuxg/643843716860/?html=true,-,-,-,-,-,-,-,-,-,-,-
http://wtb.app.channeliq.com/buyonline/Z6_XhSpPNki4rh7I-kAuxg/643843718031/?html=true,-,-,-,-,-,-,-,-,-,-,-
http://wtb.app.channeliq.com/buyonline/Z6_XhSpPNki4rh7I-kAuxg/643843718062/?html=true,-,-,-,-,-,-,-,-,-,-,-
http://wtb.app.channeliq.com/buyonline/Z6_XhSpPNki4rh7I-kAuxg/643843718000/?html=true,-,-,-,-,-,-,-,-,-,-,-
http://wtb.app.channeliq.com/buyonline/Z6_XhSpPNki4rh7I-kAuxg/00643843715511/?html=true,-,-,-,-,-,-,-,-,-,-,-
http://wtb.app.channeliq.com/buyonline/Z6_XhSpPNki4rh7I-kAuxg/00643843715535/?html=true,-,-,-,-,-,-,-,-,-,-,-
http://wtb.app.channeliq.com/buyonline/Z6_XhSpPNki4rh7I-kAuxg/00643843716365/?html=true,-,-,-,-,-,-,-,-,-,-,-
http://wtb.app.channeliq.com/buyonline/Z6_XhSpPNki4rh7I-kAuxg/00643843715184/?html=true,-,-,-,-,-,-,-,-,-,-,-
http://wtb.app.channeliq.com/buyonline/Z6_XhSpPNki4rh7I-kAuxg/00643843715542/?html=true,-,-,-,-,-,-,-,-,-,-,-
http://wtb.app.channeliq.com/buyonline/Z6_XhSpPNki4rh7I-kAuxg/00643843715504/?html=true,-,-,-,-,-,-,-,-,-,-,-
http://wtb.app.channeliq.com/buyonline/Z6_XhSpPNki4rh7I-kAuxg/00643843715528/?html=true,-,-,-,-,-,-,-,-,-,-,-
http://wtb.app.channeliq.com/buyonline/Z6_XhSpPNki4rh7I-kAuxg/000643843716396/?html=true,-,-,-,-,-,-,-,-,-,-,-
http://wtb.app.channeliq.com/buyonline/Z6_XhSpPNki4rh7I-kAuxg/00643843715887/?html=true,-,-,-,-,-,-,-,-,-,-,-
http://wtb.app.channeliq.com/buyonline/Z6_XhSpPNki4rh7I-kAuxg/00643843200574/?html=true,-,-,-,-,-,-,-,-,-,-,-
http://wtb.app.channeliq.com/buyonline/Z6_XhSpPNki4rh7I-kAuxg/00643843715900/?html=true,-,-,-,-,-,-,-,-,-,-,-
http://wtb.app.channeliq.com/buyonline/Z6_XhSpPNki4rh7I-kAuxg/00643843200581/?html=true,-,-,-,-,-,-,-,-,-,-,-
http://wtb.app.channeliq.com/buyonline/Z6_XhSpPNki4rh7I-kAuxg/643843717362/?html=true,-,-,-,-,-,-,-,-,-,-,-
http://wtb.app.channeliq.com/buyonline/Z6_XhSpPNki4rh7I-kAuxg/00643843715009/?html=true,-,-,-,-,-,-,-,-,-,-,-
http://wtb.app.channeliq.com/buyonline/Z6_XhSpPNki4rh7I-kAuxg/00643843715580/?html=true,-,-,-,-,-,-,-,-,-,-,-
http://wtb.app.channeliq.com/buyonline/Z6_XhSpPNki4rh7I-kAuxg/00643843715023/?html=true,-,-,-,-,-,-,-,-,-,-,-
http://wtb.app.channeliq.com/buyonline/Z6_XhSpPNki4rh7I-kAuxg/00643843714996/?html=true,-,-,-,-,-,-,-,-,-,-,-
http://wtb.app.channeliq.com/buyonline/Z6_XhSpPNki4rh7I-kAuxg/00643843715566/?html=true,-,-,-,-,-,-,-,-,-,-,-
http://wtb.app.channeliq.com/buyonline/Z6_XhSpPNki4rh7I-kAuxg/00643843715047/?html=true,-,-,-,-,-,-,-,-,-,-,-
http://wtb.app.channeliq.com/buyonline/Z6_XhSpPNki4rh7I-kAuxg/00643843714200/?html=true,-,-,-,-,-,-,-,-,-,-,-
http://wtb.app.channeliq.com/buyonline/Z6_XhSpPNki4rh7I-kAuxg/00643843717003/?html=true,-,-,-,-,-,-,-,-,-,-,-
http://wtb.app.channeliq.com/buyonline/Z6_XhSpPNki4rh7I-kAuxg/00643843714484/?html=true,-,-,-,-,-,-,-,-,-,-,-
http://wtb.app.channeliq.com/buyonline/Z6_XhSpPNki4rh7I-kAuxg/00643843780021/?html=true,-,-,-,-,-,-,-,-,-,-,-
http://wtb.app.channeliq.com/buyonline/Z6_XhSpPNki4rh7I-kAuxg/000000000000/?html=true,-,-,-,-,-,-,-,-,-,-,-
http://wtb.app.channeliq.com/buyonline/Z6_XhSpPNki4rh7I-kAuxg/00643843716105/?html=true,-,-,-,-,-,-,-,-,-,-,-
http://wtb.app.channeliq.com/buyonline/Z6_XhSpPNki4rh7I-kAuxg/00643843716235/?html=true,-,-,-,-,-,-,-,-,-,-,-
http://wtb.app.channeliq.com/buyonline/Z6_XhSpPNki4rh7I-kAuxg/00643843716266/?html=true,-,-,-,-,-,-,-,-,-,-,-
http://wtb.app.channeliq.com/buyonline/Z6_XhSpPNki4rh7I-kAuxg/00643843716075/?html=true,-,-,-,-,-,-,-,-,-,-,-
http://wtb.app.channeliq.com/buyonline/Z6_XhSpPNki4rh7I-kAuxg/643843714804/?html=true,-,-,-,-,-,-,-,-,-,-,-
http://wtb.app.channeliq.com/buyonline/Z6_XhSpPNki4rh7I-kAuxg/00643843717027/?html=true,-,-,-,-,-,-,-,-,-,-,-
http://wtb.app.channeliq.com/buyonline/Z6_XhSpPNki4rh7I-kAuxg/00643843714668/?html=true,-,-,-,-,-,-,-,-,-,-,-
http://wtb.app.channeliq.com/buyonline/Z6_XhSpPNki4rh7I-kAuxg/00643843713944/?html=true,-,-,-,-,-,-,-,-,-,-,-
http://wtb.app.channeliq.com/buyonline/Z6_XhSpPNki4rh7I-kAuxg/00643843717010/?html=true,-,-,-,-,-,-,-,-,-,-,-
http://wtb.app.channeliq.com/buyonline/Z6_XhSpPNki4rh7I-kAuxg/00643843714514/?html=true,-,-,-,-,-,-,-,-,-,-,-
http://wtb.app.channeliq.com/buyonline/Z6_XhSpPNki4rh7I-kAuxg/00643843780045/?html=true,-,-,-,-,-,-,-,-,-,-,-
http://wtb.app.channeliq.com/buyonline/Z6_XhSpPNki4rh7I-kAuxg/00643843715399/?html=true,-,-,-,-,-,-,-,-,-,-,-
http://wtb.app.channeliq.com/buyonline/Z6_XhSpPNki4rh7I-kAuxg/00643843715405/?html=true,-,-,-,-,-,-,-,-,-,-,-
http://wtb.app.channeliq.com/buyonline/Z6_XhSpPNki4rh7I-kAuxg/643843717140/?html=true,-,-,-,-,-,-,-,-,-,-,-
http://wtb.app.channeliq.com/buyonline/Z6_XhSpPNki4rh7I-kAuxg/643843717034/?html=true,-,-,-,-,-,-,-,-,-,-,-
http://wtb.app.channeliq.com/buyonline/Z6_XhSpPNki4rh7I-kAuxg/00643843716990/?html=true,-,-,-,-,-,-,-,-,-,-,-
http://wtb.app.channeliq.com/buyonline/Z6_XhSpPNki4rh7I-kAuxg/00643843716228/?html=true,-,-,-,-,-,-,-,-,-,-,-
http://wtb.app.channeliq.com/buyonline/Z6_XhSpPNki4rh7I-kAuxg/000643843716259/?html=true,-,-,-,-,-,-,-,-,-,-,-
http://wtb.app.channeliq.com/buyonline/Z6_XhSpPNki4rh7I-kAuxg/00643843716976/?html=true,-,-,-,-,-,-,-,-,-,-,-
http://wtb.app.channeliq.com/buyonline/Z6_XhSpPNki4rh7I-kAuxg/00643843716662/?html=true,-,-,-,-,-,-,-,-,-,-,-
http://wtb.app.channeliq.com/buyonline/Z6_XhSpPNki4rh7I-kAuxg/643843715979/?html=true,-,-,-,-,-,-,-,-,-,-,-
http://wtb.app.channeliq.com/buyonline/Z6_XhSpPNki4rh7I-kAuxg/00643843716013/?html=true,-,-,-,-,-,-,-,-,-,-,-
http://wtb.app.channeliq.com/buyonline/Z6_XhSpPNki4rh7I-kAuxg/643843717225/?html=true,-,-,-,-,-,-,-,-,-,-,-
http://wtb.app.channeliq.com/buyonline/Z6_XhSpPNki4rh7I-kAuxg/643843717881?html=true,-,-,-,-,-,-,-,-,-,-,-
http://wtb.app.channeliq.com/buyonline/Z6_XhSpPNki4rh7I-kAuxg/643843716648?html=true,-,-,-,-,-,-,-,-,-,-,-
http://wtb.app.channeliq.com/buyonline/Z6_XhSpPNki4rh7I-kAuxg/643843717386?html=true,-,-,-,-,-,-,-,-,-,-,-
http://wtb.app.channeliq.com/buyonline/Z6_XhSpPNki4rh7I-kAuxg/643843717379?html=true,-,-,-,-,-,-,-,-,-,-,-
http://wtb.app.channeliq.com/buyonline/Z6_XhSpPNki4rh7I-kAuxg/643843717508?html=true,-,-,-,-,-,-,-,-,-,-,-
http://wtb.app.channeliq.com/buyonline/Z6_XhSpPNki4rh7I-kAuxg/643843717492?html=true,-,-,-,-,-,-,-,-,-,-,-
http://wtb.app.channeliq.com/buyonline/Z6_XhSpPNki4rh7I-kAuxg/643843717454?html=true,-,-,-,-,-,-,-,-,-,-,-
http://wtb.app.channeliq.com/buyonline/Z6_XhSpPNki4rh7I-kAuxg/643843717751?html=true,-,-,-,-,-,-,-,-,-,-,-
http://wtb.app.channeliq.com/buyonline/Z6_XhSpPNki4rh7I-kAuxg/643843717447?html=true,-,-,-,-,-,-,-,-,-,-,-
http://wtb.app.channeliq.com/buyonline/Z6_XhSpPNki4rh7I-kAuxg/643843717829?html=true,-,-,-,-,-,-,-,-,-,-,-
http://wtb.app.channeliq.com/buyonline/Z6_XhSpPNki4rh7I-kAuxg/643843717843?html=true,-,-,-,-,-,-,-,-,-,-,-
http://wtb.app.channeliq.com/buyonline/Z6_XhSpPNki4rh7I-kAuxg/643843717867?html=true,-,-,-,-,-,-,-,-,-,-,-
http://wtb.app.channeliq.com/buyonline/Z6_XhSpPNki4rh7I-kAuxg/643843717652?html=true,-,-,-,-,-,-,-,-,-,-,-
http://wtb.app.channeliq.com/buyonline/Z6_XhSpPNki4rh7I-kAuxg/643843717690?html=true,-,-,-,-,-,-,-,-,-,-,-
http://wtb.app.channeliq.com/buyonline/Z6_XhSpPNki4rh7I-kAuxg/643843717676?html=true,-,-,-,-,-,-,-,-,-,-,-
http://wtb.app.channeliq.com/buyonline/Z6_XhSpPNki4rh7I-kAuxg/00643843716556?html=true,-,-,-,-,-,-,-,-,-,-,-
http://wtb.app.channeliq.com/buyonline/Z6_XhSpPNki4rh7I-kAuxg/00643843716549?html=true,-,-,-,-,-,-,-,-,-,-,-
http://wtb.app.channeliq.com/buyonline/Z6_XhSpPNki4rh7I-kAuxg/00643843720478?html=true,-,-,-,-,-,-,-,-,-,-,-
http://wtb.app.channeliq.com/buyonline/Z6_XhSpPNki4rh7I-kAuxg/643843718314?html=true,-,-,-,-,-,-,-,-,-,-,-
http://wtb.app.channeliq.com/buyonline/Z6_XhSpPNki4rh7I-kAuxg/643843720461?html=true,-,-,-,-,-,-,-,-,-,-,-
http://wtb.app.channeliq.com/buyonline/Z6_XhSpPNki4rh7I-kAuxg/643843720454?html=true,-,-,-,-,-,-,-,-,-,-,-
http://wtb.app.channeliq.com/buyonline/Z6_XhSpPNki4rh7I-kAuxg/643843718284?html=true,-,-,-,-,-,-,-,-,-,-,-
http://wtb.app.channeliq.com/buyonline/Z6_XhSpPNki4rh7I-kAuxg/643843718307?html=true,-,-,-,-,-,-,-,-,-,-,-
http://wtb.app.channeliq.com/buyonline/Z6_XhSpPNki4rh7I-kAuxg/00643843720430?html=true,-,-,-,-,-,-,-,-,-,-,-
http://wtb.app.channeliq.com/buyonline/Z6_XhSpPNki4rh7I-kAuxg/643843718338?html=true,-,-,-,-,-,-,-,-,-,-,-
http://wtb.app.channeliq.com/buyonline/Z6_XhSpPNki4rh7I-kAuxg/00643843718291?html=true,-,-,-,-,-,-,-,-,-,-,-
http://wtb.app.channeliq.com/buyonline/Z6_XhSpPNki4rh7I-kAuxg/00643843718321?html=true,-,-,-,-,-,-,-,-,-,-,-
http://wtb.app.channeliq.com/buyonline/Z6_XhSpPNki4rh7I-kAuxg/00643843800033?html=true,-,-,-,-,-,-,-,-,-,-,-
http://wtb.app.channeliq.com/buyonline/Z6_XhSpPNki4rh7I-kAuxg/643843800026?html=true,-,-,-,-,-,-,-,-,-,-,-
http://wtb.app.channeliq.com/buyonline/Z6_XhSpPNki4rh7I-kAuxg/00643843800019?html=true,-,-,-,-,-,-,-,-,-,-,-
http://wtb.app.channeliq.com/buyonline/Z6_XhSpPNki4rh7I-kAuxg/00643843718505?html=true,-,-,-,-,-,-,-,-,-,-,-
http://wtb.app.channeliq.com/buyonline/NZY4XZQJqUGrOsfhrdupIw/00012587606848/?html=true,[✔],[✔],[✔],[✔],[✔],[✔],[✔],-,-,-,-
http://wtb.app.channeliq.com/buyonline/NZY4XZQJqUGrOsfhrdupIw/00012587700454/?html=true,,,,,,,,[✔],-,-,-
http://wtb.app.channeliq.com/buyonline/NZY4XZQJqUGrOsfhrdupIw/00012587789667/?html=true,[✔],,,[✔],,,,[✔],-,-,-
http://wtb.app.channeliq.com/buyonline/NZY4XZQJqUGrOsfhrdupIw/00012587700379/?html=true,[✔],,,[✔],,,,,-,-,-
http://wtb.app.channeliq.com/buyonline/NZY4XZQJqUGrOsfhrdupIw/00012587550523/?html=true,[✔],,,,[✔],,,,-,-,-
http://wtb.app.channeliq.com/buyonline/NZY4XZQJqUGrOsfhrdupIw/00012587550509/?html=true,[✔],[✔],,,[✔],,,,-,-,-
http://wtb.app.channeliq.com/buyonline/NZY4XZQJqUGrOsfhrdupIw/00012587607418/?html=true,[✔],,,,,,,,-,-,-
http://wtb.app.channeliq.com/buyonline/NZY4XZQJqUGrOsfhrdupIw/00012587785130/?html=true,[✔],,,,,,,,-,-,-
http://wtb.app.channeliq.com/buyonline/NZY4XZQJqUGrOsfhrdupIw/00012587786925/?html=true,[✔],,,,[✔],,,,-,-,-
http://wtb.app.channeliq.com/buyonline/NZY4XZQJqUGrOsfhrdupIw/00012587703588/?html=true,,,,,,,,,[✔],-,-
http://wtb.app.channeliq.com/buyonline/NZY4XZQJqUGrOsfhrdupIw/00012587570347/?html=true,[✔],,,,[✔],,,,,-,-
http://wtb.app.channeliq.com/buyonline/NZY4XZQJqUGrOsfhrdupIw/00012587600310/?html=true,[✔],,,,[✔],,,,,-,-
http://wtb.app.channeliq.com/buyonline/NZY4XZQJqUGrOsfhrdupIw/00001258778797/?html=true,,,,,,[✔],[✔],,,-,-
http://wtb.app.channeliq.com/buyonline/NZY4XZQJqUGrOsfhrdupIw/00001258770037/?html=true,,,,[✔],,,,,,-,-
http://wtb.app.channeliq.com/buyonline/NZY4XZQJqUGrOsfhrdupIw/00012587788018/?html=true,[✔],,,,,,,,,[✔],-
http://wtb.app.channeliq.com/buyonline/NZY4XZQJqUGrOsfhrdupIw/00001258770403/?html=true,[✔],,,,[✔],,,[✔],,,-
http://wtb.app.channeliq.com/buyonline/NZY4XZQJqUGrOsfhrdupIw/00001258778568/?html=true,,,,,[✔],,,[✔],,,-
http://wtb.app.channeliq.com/buyonline/NZY4XZQJqUGrOsfhrdupIw/00012587785379/?html=true,[✔],,,,,,,,,,-
http://wtb.app.channeliq.com/buyonline/NZY4XZQJqUGrOsfhrdupIw/0001258778578/?html=true,,,,,,[✔],,,,,-
http://wtb.app.channeliq.com/buyonline/NZY4XZQJqUGrOsfhrdupIw/00012587785355/?html=true,[✔],,,,,,,,,,-
http://wtb.app.channeliq.com/buyonline/NZY4XZQJqUGrOsfhrdupIw/00001258778584/?html=true,,,,,,[✔],,,,,-
http://wtb.app.channeliq.com/buyonline/NZY4XZQJqUGrOsfhrdupIw/00001258778583/?html=true,,,,,,[✔],,,,,-
http://wtb.app.channeliq.com/buyonline/NZY4XZQJqUGrOsfhrdupIw/00001258778572/?html=true,,,,,,[✔],,,,,-
http://wtb.app.channeliq.com/buyonline/NZY4XZQJqUGrOsfhrdupIw/00001258778679/?html=true,,,,[✔],,,,,,,-
http://wtb.app.channeliq.com/buyonline/NZY4XZQJqUGrOsfhrdupIw/0001258770320/?html=true,,,,[✔],,,,,,,-
http://wtb.app.channeliq.com/buyonline/NZY4XZQJqUGrOsfhrdupIw/0001258778565/?html=true,,,,,,[✔],,,,,-
http://wtb.app.channeliq.com/buyonline/NZY4XZQJqUGrOsfhrdupIw/00001258778778/?html=true,,,,,,[✔],,,,,-
http://wtb.app.channeliq.com/buyonline/NZY4XZQJqUGrOsfhrdupIw/00012587788127/?html=true,,,[✔],,,,,[✔],,,[✔]
http://wtb.app.channeliq.com/buyonline/NZY4XZQJqUGrOsfhrdupIw/00001258778684/?html=true,[✔],,,,,,,,,,
http://wtb.app.channeliq.com/buyonline/NZY4XZQJqUGrOsfhrdupIw/00001258778543/?html=true,,,,[✔],[✔],,[✔],[✔],,,
http://wtb.app.channeliq.com/buyonline/NZY4XZQJqUGrOsfhrdupIw/00001258778542/?html=true,,,,,,[✔],,,,,
http://wtb.app.channeliq.com/buyonline/NZY4XZQJqUGrOsfhrdupIw/00001258778545/?html=true,[✔],,,,,,,,,,
http://wtb.app.channeliq.com/buyonline/NZY4XZQJqUGrOsfhrdupIw/00001258778544/?html=true,[✔],,,,,,,,,,
http://wtb.app.channeliq.com/buyonline/NZY4XZQJqUGrOsfhrdupIw/0001258778362/?html=true,,,,[✔],,,,[✔],,,
http://wtb.app.channeliq.com/buyonline/NZY4XZQJqUGrOsfhrdupIw/00012587785546/?html=true,,,[✔],[✔],,,,,,,
http://wtb.app.channeliq.com/buyonline/NZY4XZQJqUGrOsfhrdupIw/0001258778566/?html=true,,,,,,[✔],,,,,
http://wtb.app.channeliq.com/buyonline/NZY4XZQJqUGrOsfhrdupIw/0001258778534/?html=true,,,,,[✔],,,,,[✔],
http://wtb.app.channeliq.com/buyonline/NZY4XZQJqUGrOsfhrdupIw/0001258778361/?html=true,,,,[✔],,,[✔],,,,
http://wtb.app.channeliq.com/buyonline/NZY4XZQJqUGrOsfhrdupIw/00001258778693/?html=true,[✔],,,,,[✔],,,,,
http://wtb.app.channeliq.com/buyonline/NZY4XZQJqUGrOsfhrdupIw/0001258778569/?html=true,,,,,,[✔],,,,,
http://wtb.app.channeliq.com/buyonline/NZY4XZQJqUGrOsfhrdupIw/00001258778750/?html=true,,,,,[✔],,,,,[✔],
http://wtb.app.channeliq.com/buyonline/NZY4XZQJqUGrOsfhrdupIw/00001258778685/?html=true,,,[✔],[✔],,,[✔],,,,
http://wtb.app.channeliq.com/buyonline/NZY4XZQJqUGrOsfhrdupIw/0001258778690/?html=true,,,,,,[✔],,[✔],,,
http://wtb.app.channeliq.com/buyonline/NZY4XZQJqUGrOsfhrdupIw/0001258778605/?html=true,,,,,[✔],,,,,,
http://wtb.app.channeliq.com/buyonline/NZY4XZQJqUGrOsfhrdupIw/0001258778533/?html=true,[✔],,,,[✔],,[✔],,,,
http://wtb.app.channeliq.com/buyonline/NZY4XZQJqUGrOsfhrdupIw/00001258778459/?html=true,,,[✔],[✔],,,[✔],,,,
http://wtb.app.channeliq.com/buyonline/NZY4XZQJqUGrOsfhrdupIw/0001258778366/?html=true,,,,[✔],,,,,,,
http://wtb.app.channeliq.com/buyonline/NZY4XZQJqUGrOsfhrdupIw/0001258778767/?html=true,,,,[✔],,,[✔],,,,
http://wtb.app.channeliq.com/buyonline/NZY4XZQJqUGrOsfhrdupIw/00012587785553/?html=true,,,[✔],[✔],[✔],[✔],[✔],[✔],,,
http://wtb.app.channeliq.com/buyonline/NZY4XZQJqUGrOsfhrdupIw/0001258778577/?html=true,,,,,,[✔],,,,,
http://wtb.app.channeliq.com/buyonline/NZY4XZQJqUGrOsfhrdupIw/0001258778209/?html=true,[✔],,,[✔],,,,,,,
http://wtb.app.channeliq.com/buyonline/NZY4XZQJqUGrOsfhrdupIw/00001258760764/?html=true,[✔],,,,,,,,,,
http://wtb.app.channeliq.com/buyonline/NZY4XZQJqUGrOsfhrdupIw/00001258778582/?html=true,,,,,,[✔],,,,,
http://wtb.app.channeliq.com/buyonline/NZY4XZQJqUGrOsfhrdupIw/0001258760034/?html=true,[✔],,,[✔],[✔],,,,,,
http://wtb.app.channeliq.com/buyonline/NZY4XZQJqUGrOsfhrdupIw/00012587784041/?html=true,[✔],,,,,,,,,,
http://wtb.app.channeliq.com/buyonline/NZY4XZQJqUGrOsfhrdupIw/00001258778596/?html=true,,,,,,[✔],,,,,
http://wtb.app.channeliq.com/buyonline/NZY4XZQJqUGrOsfhrdupIw/00012587704264/?html=true,,[✔],,,,,[✔],,[✔],,
http://wtb.app.channeliq.com/buyonline/NZY4XZQJqUGrOsfhrdupIw/00012587000809/?html=true,,,,[✔],,,,,,,
http://wtb.app.channeliq.com/buyonline/NZY4XZQJqUGrOsfhrdupIw/00012587783662/?html=true,,,,[✔],,,,,,,
http://wtb.app.channeliq.com/buyonline/NZY4XZQJqUGrOsfhrdupIw/00012587783610/?html=true,,,,[✔],,,,[✔],,,
http://wtb.app.channeliq.com/buyonline/NZY4XZQJqUGrOsfhrdupIw/00012587786861/?html=true,,[✔],,,,[✔],,,,,
http://wtb.app.channeliq.com/buyonline/NZY4XZQJqUGrOsfhrdupIw/00012587786854/?html=true,[✔],,,[✔],,[✔],[✔],,,,
http://wtb.app.channeliq.com/buyonline/NZY4XZQJqUGrOsfhrdupIw/00012587784591/?html=true,,,[✔],[✔],,,,,,,
http://wtb.app.channeliq.com/buyonline/NZY4XZQJqUGrOsfhrdupIw/00012587789131/?html=true,,,,[✔],,,[✔],,,,
http://wtb.app.channeliq.com/buyonline/NZY4XZQJqUGrOsfhrdupIw/00012587785581/?html=true,,,,,,,[✔],,,,
http://wtb.app.channeliq.com/buyonline/NZY4XZQJqUGrOsfhrdupIw/00012587702403/?html=true,,,,,,,[✔],[✔],,,
http://wtb.app.channeliq.com/buyonline/NZY4XZQJqUGrOsfhrdupIw/00012587788158/?html=true,[✔],,,,,,,[✔],,,
http://wtb.app.channeliq.com/buyonline/NZY4XZQJqUGrOsfhrdupIw/00012587786816/?html=true,[✔],,,[✔],,[✔],[✔],,[✔],,
http://wtb.app.channeliq.com/buyonline/NZY4XZQJqUGrOsfhrdupIw/00012587785451/?html=true,[✔],,,,,,,,,,
http://wtb.app.channeliq.com/buyonline/NZY4XZQJqUGrOsfhrdupIw/00012587785437/?html=true,,,[✔],,[✔],,[✔],,,[✔],
http://wtb.app.channeliq.com/buyonline/NZY4XZQJqUGrOsfhrdupIw/00012587600624/?html=true,[✔],,,,[✔],,[✔],,,,
http://wtb.app.channeliq.com/buyonline/NZY4XZQJqUGrOsfhrdupIw/00012587607715/?html=true,,,,,[✔],,,[✔],,,
http://wtb.app.channeliq.com/buyonline/NZY4XZQJqUGrOsfhrdupIw/00012587788141/?html=true,,[✔],,,,,,,,,
http://wtb.app.channeliq.com/buyonline/NZY4XZQJqUGrOsfhrdupIw/00012587781620/?html=true,,,,,,,,,,[✔],
http://wtb.app.channeliq.com/buyonline/NZY4XZQJqUGrOsfhrdupIw/00012587609323/?html=true,,,,,,,,,[✔],,
http://wtb.app.channeliq.com/buyonline/NZY4XZQJqUGrOsfhrdupIw/00012587787694/?html=true,,,[✔],,,,,[✔],,,
http://wtb.app.channeliq.com/buyonline/NZY4XZQJqUGrOsfhrdupIw/00012587704271/?html=true,,,,,[✔],[✔],,[✔],[✔],,
http://wtb.app.channeliq.com/buyonline/NZY4XZQJqUGrOsfhrdupIw/00012587783877/?html=true,[✔],,,,,,,,,,
http://wtb.app.channeliq.com/buyonline/NZY4XZQJqUGrOsfhrdupIw/12587791646/?html=true,[✔],,,,,[✔],[✔],,,,
http://wtb.app.channeliq.com/buyonline/NZY4XZQJqUGrOsfhrdupIw/00012587783860/?html=true,,,,,,,[✔],,,,
http://wtb.app.channeliq.com/buyonline/NZY4XZQJqUGrOsfhrdupIw/00012587600341/?html=true,[✔],[✔],,[✔],,,,,,,
http://wtb.app.channeliq.com/buyonline/NZY4XZQJqUGrOsfhrdupIw/12587791660/?html=true,[✔],,,[✔],,[✔],[✔],,,,
http://wtb.app.channeliq.com/buyonline/NZY4XZQJqUGrOsfhrdupIw/12587791677/?html=true,,,,,,[✔],[✔],,,,
http://wtb.app.channeliq.com/buyonline/NZY4XZQJqUGrOsfhrdupIw/12587791681/?html=true,[✔],,,[✔],,[✔],[✔],,,,
http://wtb.app.channeliq.com/buyonline/NZY4XZQJqUGrOsfhrdupIw/12587791691/?html=true,[✔],,,,,[✔],[✔],,,,
http://wtb.app.channeliq.com/buyonline/NZY4XZQJqUGrOsfhrdupIw/00012587790083/?html=true,,,[✔],[✔],,,[✔],[✔],,,
http://wtb.app.channeliq.com/buyonline/NZY4XZQJqUGrOsfhrdupIw/12587790274/?html=true,,,,,,,,[✔],,,
http://wtb.app.channeliq.com/buyonline/NZY4XZQJqUGrOsfhrdupIw/1258778767/?html=true,,,,,,[✔],[✔],,,,
http://wtb.app.channeliq.com/buyonline/NZY4XZQJqUGrOsfhrdupIw/12587703205/?html=true,,[✔],,[✔],,,[✔],[✔],,,
http://wtb.app.channeliq.com/buyonline/NZY4XZQJqUGrOsfhrdupIw/12587785317/?html=true,[✔],,,,,[✔],[✔],[✔],[✔],,
http://wtb.app.channeliq.com/buyonline/NZY4XZQJqUGrOsfhrdupIw/12587790311/?html=true,,,,,,,,,[✔],,
http://wtb.app.channeliq.com/buyonline/NZY4XZQJqUGrOsfhrdupIw/12587791783/?html=true,,,,,,[✔],[✔],[✔],,,
http://wtb.app.channeliq.com/buyonline/NZY4XZQJqUGrOsfhrdupIw/12587791776/?html=true,[✔],[✔],,[✔],,[✔],[✔],[✔],,,
http://wtb.app.channeliq.com/buyonline/NZY4XZQJqUGrOsfhrdupIw/12587792971/?html=true,,,,,,[✔],,,,,
