WTB,Home Depot,kroger,Target,Sam's Club,Walmart US,Staples,Lowe's,Amazon,Dollar General,WalMart,Lowes
http://wtb.app.channeliq.com/buyonline/NZY4XZQJqUGrOsfhrdupIw/004460031881/?html=true,-,-,-,-,-,-,-,-,-,-,-
http://wtb.app.channeliq.com/buyonline/NZY4XZQJqUGrOsfhrdupIw/044600312798/?html=true,-,-,-,-,-,-,-,-,-,-,-
http://wtb.app.channeliq.com/buyonline/NZY4XZQJqUGrOsfhrdupIw/04460031884/?html=true,-,-,-,-,-,-,-,-,-,-,-
http://wtb.app.channeliq.com/buyonline/NZY4XZQJqUGrOsfhrdupIw/044600302980/?html=true,-,-,-,[✔],-,-,-,-,-,-,-
http://wtb.app.channeliq.com/buyonline/NZY4XZQJqUGrOsfhrdupIw/044600312712/?html=true,-,-,-,-,-,-,-,-,-,-,-
http://wtb.app.channeliq.com/buyonline/NZY4XZQJqUGrOsfhrdupIw/044600310305/?html=true,-,-,-,-,-,-,-,-,-,-,-
http://wtb.app.channeliq.com/buyonline/NZY4XZQJqUGrOsfhrdupIw/044600300464/?html=true,-,[✔],-,[✔],[✔],-,-,-,-,-,-
http://wtb.app.channeliq.com/buyonline/NZY4XZQJqUGrOsfhrdupIw/044600300375/?html=true,[✔],[✔],[✔],-,-,-,-,-,-,-,-
http://wtb.app.channeliq.com/buyonline/NZY4XZQJqUGrOsfhrdupIw/044600308088/?html=true,-,-,[✔],-,[✔],-,-,-,-,-,-
http://wtb.app.channeliq.com/buyonline/NZY4XZQJqUGrOsfhrdupIw/044600031160/?html=true,-,-,-,-,[✔],[✔],-,-,-,-,-
http://wtb.app.channeliq.com/buyonline/NZY4XZQJqUGrOsfhrdupIw/044600308163/?html=true,-,-,[✔],-,-,-,-,-,-,-,-
http://wtb.app.channeliq.com/buyonline/NZY4XZQJqUGrOsfhrdupIw/044600311326/?html=true,-,-,-,-,-,-,-,-,-,-,-
http://wtb.app.channeliq.com/buyonline/NZY4XZQJqUGrOsfhrdupIw/044600016839/?html=true,-,-,-,-,-,-,[✔],-,-,-,-
http://wtb.app.channeliq.com/buyonline/NZY4XZQJqUGrOsfhrdupIw/044600318370/?html=true,-,-,-,-,-,-,-,-,-,-,-
http://wtb.app.channeliq.com/buyonline/NZY4XZQJqUGrOsfhrdupIw/044600009404/?html=true,[✔],[✔],[✔],[✔],[✔],[✔],[✔],[✔],[✔],-,-
http://wtb.app.channeliq.com/buyonline/NZY4XZQJqUGrOsfhrdupIw/044600301768/?html=true,[✔],-,[✔],-,[✔],-,-,[✔],-,-,-
http://wtb.app.channeliq.com/buyonline/NZY4XZQJqUGrOsfhrdupIw/044600306145/?html=true,-,[✔],[✔],-,-,-,-,-,-,[✔],-
http://wtb.app.channeliq.com/buyonline/NZY4XZQJqUGrOsfhrdupIw/044600311005/?html=true,-,-,-,-,-,-,-,-,-,-,[✔]
http://wtb.app.channeliq.com/buyonline/NZY4XZQJqUGrOsfhrdupIw/044600309705/?html=true,-,-,-,-,-,-,-,-,-,-,-
http://wtb.app.channeliq.com/buyonline/NZY4XZQJqUGrOsfhrdupIw/044600046907/?html=true,-,-,[✔],-,[✔],-,-,[✔],-,-,-
http://wtb.app.channeliq.com/buyonline/NZY4XZQJqUGrOsfhrdupIw/044600309682/?html=true,-,-,-,-,-,-,-,-,-,-,-
http://wtb.app.channeliq.com/buyonline/NZY4XZQJqUGrOsfhrdupIw/044600012049/?html=true,[✔],[✔],[✔],[✔],[✔],[✔],-,-,-,-,[✔]
http://wtb.app.channeliq.com/buyonline/NZY4XZQJqUGrOsfhrdupIw/044600307053/?html=true,[✔],-,-,-,-,-,-,-,-,-,-
http://wtb.app.channeliq.com/buyonline/NZY4XZQJqUGrOsfhrdupIw/044600300580/?html=true,-,-,[✔],-,-,-,-,-,-,-,-
http://wtb.app.channeliq.com/buyonline/NZY4XZQJqUGrOsfhrdupIw/044600316574/?html=true,-,-,-,-,-,-,-,-,-,-,-
http://wtb.app.channeliq.com/buyonline/NZY4XZQJqUGrOsfhrdupIw/044600318943/?html=true,-,-,[✔],-,-,-,-,-,-,-,-
http://wtb.app.channeliq.com/buyonline/NZY4XZQJqUGrOsfhrdupIw/044600324869/?html=true,-,-,-,-,-,-,-,-,-,-,-
http://wtb.app.channeliq.com/buyonline/NZY4XZQJqUGrOsfhrdupIw/044600324838/?html=true,-,-,-,-,-,-,-,-,-,-,-
http://wtb.app.channeliq.com/buyonline/NZY4XZQJqUGrOsfhrdupIw/044600313436/?html=true,-,-,-,-,-,-,[✔],-,-,-,-
http://wtb.app.channeliq.com/buyonline/NZY4XZQJqUGrOsfhrdupIw/044600313790/?html=true,-,-,[✔],-,[✔],-,-,-,-,-,-
http://wtb.app.channeliq.com/buyonline/NZY4XZQJqUGrOsfhrdupIw/044600080338/?html=true,-,-,[✔],-,-,-,-,-,-,-,-
http://wtb.app.channeliq.com/buyonline/NZY4XZQJqUGrOsfhrdupIw/044600031910/?html=true,[✔],[✔],[✔],[✔],[✔],-,[✔],[✔],-,-,-
http://wtb.app.channeliq.com/buyonline/NZY4XZQJqUGrOsfhrdupIw/044600015941/?html=true,-,-,[✔],-,-,-,-,-,-,-,-
http://wtb.app.channeliq.com/buyonline/NZY4XZQJqUGrOsfhrdupIw/044600015934/?html=true,[✔],-,[✔],-,-,-,-,-,-,-,-
http://wtb.app.channeliq.com/buyonline/NZY4XZQJqUGrOsfhrdupIw/044600309989/?html=true,-,-,-,-,-,-,-,-,-,-,[✔]
http://wtb.app.channeliq.com/buyonline/NZY4XZQJqUGrOsfhrdupIw/044600016658/?html=true,-,[✔],[✔],-,-,-,[✔],-,-,-,-
http://wtb.app.channeliq.com/buyonline/NZY4XZQJqUGrOsfhrdupIw/044600016290/?html=true,-,-,-,-,-,-,-,-,-,-,[✔]
http://wtb.app.channeliq.com/buyonline/NZY4XZQJqUGrOsfhrdupIw/044600311951/?html=true,-,-,-,-,-,-,-,-,-,-,-
http://wtb.app.channeliq.com/buyonline/NZY4XZQJqUGrOsfhrdupIw/044600318523/?html=true,-,-,-,-,-,-,-,-,-,-,-
http://wtb.app.channeliq.com/buyonline/NZY4XZQJqUGrOsfhrdupIw/044600314044/?html=true,-,-,-,-,[✔],-,-,-,-,-,-
http://wtb.app.channeliq.com/buyonline/NZY4XZQJqUGrOsfhrdupIw/044600314303/?html=true,-,-,-,-,-,-,-,-,-,-,[✔]
http://wtb.app.channeliq.com/buyonline/NZY4XZQJqUGrOsfhrdupIw/044600307565/?html=true,-,-,-,-,-,-,-,-,-,-,-
http://wtb.app.channeliq.com/buyonline/NZY4XZQJqUGrOsfhrdupIw/044600307534/?html=true,-,-,-,-,-,-,-,-,-,-,-
http://wtb.app.channeliq.com/buyonline/NZY4XZQJqUGrOsfhrdupIw/044600313313/?html=true,-,-,-,-,-,-,-,-,-,-,-
http://wtb.app.channeliq.com/buyonline/NZY4XZQJqUGrOsfhrdupIw/044600307562/?html=true,-,-,-,-,-,-,-,-,-,-,-
http://wtb.app.channeliq.com/buyonline/NZY4XZQJqUGrOsfhrdupIw/044600313344/?html=true,-,-,-,-,-,-,-,-,-,-,-
http://wtb.app.channeliq.com/buyonline/NZY4XZQJqUGrOsfhrdupIw/044600308873/?html=true,-,-,-,-,[✔],-,-,-,-,-,-
http://wtb.app.channeliq.com/buyonline/NZY4XZQJqUGrOsfhrdupIw/044600320182/?html=true,-,-,-,-,-,-,-,-,-,-,-
http://wtb.app.channeliq.com/buyonline/NZY4XZQJqUGrOsfhrdupIw/044600320212/?html=true,-,-,-,-,-,-,-,-,-,-,-
http://wtb.app.channeliq.com/buyonline/NZY4XZQJqUGrOsfhrdupIw/044600320199/?html=true,-,-,-,-,-,-,-,-,-,-,-
http://wtb.app.channeliq.com/buyonline/NZY4XZQJqUGrOsfhrdupIw/044600320212/?html=true,-,-,-,-,-,-,-,-,-,-,-
http://wtb.app.channeliq.com/buyonline/NZY4XZQJqUGrOsfhrdupIw/044600307909/?html=true,[✔],-,-,-,[✔],[✔],-,-,-,-,-
http://wtb.app.channeliq.com/buyonline/NZY4XZQJqUGrOsfhrdupIw/044600301723/?html=true,-,-,-,-,-,-,-,-,-,-,-
http://wtb.app.channeliq.com/buyonline/NZY4XZQJqUGrOsfhrdupIw/044600307916/?html=true,[✔],-,-,-,-,-,[✔],-,-,-,-
http://wtb.app.channeliq.com/buyonline/NZY4XZQJqUGrOsfhrdupIw/044600313238/?html=true,-,-,-,-,-,-,-,-,-,-,-
http://wtb.app.channeliq.com/buyonline/NZY4XZQJqUGrOsfhrdupIw/044600045818/?html=true,-,-,-,-,-,-,-,-,-,-,-
http://wtb.app.channeliq.com/buyonline/NZY4XZQJqUGrOsfhrdupIw/044600045870/?html=true,-,-,-,-,-,-,-,-,-,-,-
http://wtb.app.channeliq.com/buyonline/NZY4XZQJqUGrOsfhrdupIw/044600318592/?html=true,-,-,-,-,-,-,-,-,-,-,-
http://wtb.app.channeliq.com/buyonline/NZY4XZQJqUGrOsfhrdupIw/044600317151/?html=true,-,[✔],-,-,-,-,-,-,-,-,-
http://wtb.app.channeliq.com/buyonline/NZY4XZQJqUGrOsfhrdupIw/044600307923/?html=true,-,[✔],-,-,-,-,-,-,-,-,-
http://wtb.app.channeliq.com/buyonline/NZY4XZQJqUGrOsfhrdupIw/044600312019/?html=true,-,-,-,-,-,-,-,-,-,-,-
http://wtb.app.channeliq.com/buyonline/NZY4XZQJqUGrOsfhrdupIw/044600311777/?html=true,-,-,-,-,-,-,-,-,-,-,-
http://wtb.app.channeliq.com/buyonline/NZY4XZQJqUGrOsfhrdupIw/044600149148/?html=true,-,-,-,-,-,-,-,-,-,-,-
http://wtb.app.channeliq.com/buyonline/NZY4XZQJqUGrOsfhrdupIw/044600308903/?html=true,-,-,-,-,-,-,-,-,-,-,-
http://wtb.app.channeliq.com/buyonline/NZY4XZQJqUGrOsfhrdupIw/044600308890/?html=true,-,-,-,-,-,-,-,-,-,-,-
http://wtb.app.channeliq.com/buyonline/NZY4XZQJqUGrOsfhrdupIw/044600149025/?html=true,-,-,-,-,-,-,-,-,-,-,-
http://wtb.app.channeliq.com/buyonline/NZY4XZQJqUGrOsfhrdupIw/044600307701/?html=true,-,-,[✔],-,-,-,-,-,-,-,-
http://wtb.app.channeliq.com/buyonline/NZY4XZQJqUGrOsfhrdupIw/044600307725/?html=true,-,-,-,-,-,-,-,-,-,-,-
http://wtb.app.channeliq.com/buyonline/NZY4XZQJqUGrOsfhrdupIw/044600307756/?html=true,-,-,-,-,-,-,[✔],-,-,-,-
http://wtb.app.channeliq.com/buyonline/NZY4XZQJqUGrOsfhrdupIw/044600311460/?html=true,-,-,-,-,-,-,-,-,-,-,-
http://wtb.app.channeliq.com/buyonline/NZY4XZQJqUGrOsfhrdupIw/044600307787/?html=true,-,-,-,-,-,-,-,-,-,-,-
http://wtb.app.channeliq.com/buyonline/NZY4XZQJqUGrOsfhrdupIw/044600307791/?html=true,-,-,-,-,-,-,-,-,-,-,-
http://wtb.app.channeliq.com/buyonline/NZY4XZQJqUGrOsfhrdupIw/044600318127/?html=true,-,-,-,-,-,-,-,-,-,-,-
http://wtb.app.channeliq.com/buyonline/NZY4XZQJqUGrOsfhrdupIw/044600318165/?html=true,-,-,-,-,-,-,-,-,-,-,-
http://wtb.app.channeliq.com/buyonline/NZY4XZQJqUGrOsfhrdupIw/044600318172/?html=true,-,-,-,-,-,-,-,-,-,-,-
http://wtb.app.channeliq.com/buyonline/NZY4XZQJqUGrOsfhrdupIw/044600317885/?html=true,-,-,-,-,-,-,-,[✔],-,-,-
http://wtb.app.channeliq.com/buyonline/NZY4XZQJqUGrOsfhrdupIw/044600317861/?html=true,-,-,-,-,-,-,-,-,-,-,[✔]
http://wtb.app.channeliq.com/buyonline/NZY4XZQJqUGrOsfhrdupIw/044600318318/?html=true,-,-,[✔],-,-,-,-,-,-,-,-
http://wtb.app.channeliq.com/buyonline/NZY4XZQJqUGrOsfhrdupIw/044600313887/?html=true,-,-,-,-,-,-,-,-,-,-,-
http://wtb.app.channeliq.com/buyonline/NZY4XZQJqUGrOsfhrdupIw/044600317748/?html=true,[✔],-,-,-,-,-,-,-,-,-,-
http://wtb.app.channeliq.com/buyonline/NZY4XZQJqUGrOsfhrdupIw/044600313870/?html=true,-,-,-,-,-,-,-,-,-,-,-
http://wtb.app.channeliq.com/buyonline/NZY4XZQJqUGrOsfhrdupIw/044600318196/?html=true,-,-,-,-,-,-,-,-,-,-,-
http://wtb.app.channeliq.com/buyonline/NZY4XZQJqUGrOsfhrdupIw/044600316321/?html=true,-,-,-,-,-,-,-,-,-,-,-
http://wtb.app.channeliq.com/buyonline/NZY4XZQJqUGrOsfhrdupIw/044600317670/?html=true,[✔],-,-,-,-,-,-,-,-,-,-
http://wtb.app.channeliq.com/buyonline/NZY4XZQJqUGrOsfhrdupIw/044600316291/?html=true,[✔],-,-,-,-,-,-,-,-,-,-
http://wtb.app.channeliq.com/buyonline/NZY4XZQJqUGrOsfhrdupIw/044600320298/?html=true,-,-,-,-,-,-,-,-,-,-,-
http://wtb.app.channeliq.com/buyonline/NZY4XZQJqUGrOsfhrdupIw/044600320281/?html=true,-,-,-,-,-,-,-,-,-,-,-
http://wtb.app.channeliq.com/buyonline/NZY4XZQJqUGrOsfhrdupIw/044600320274/?html=true,-,-,[✔],[✔],[✔],-,-,-,-,-,-
http://wtb.app.channeliq.com/buyonline/NZY4XZQJqUGrOsfhrdupIw/044600320267/?html=true,-,-,[✔],[✔],-,-,-,-,-,-,-
http://wtb.app.channeliq.com/buyonline/NZY4XZQJqUGrOsfhrdupIw/044600312828/?html=true,-,-,-,-,-,-,-,-,-,-,-
http://wtb.app.channeliq.com/buyonline/NZY4XZQJqUGrOsfhrdupIw/044600310104/?html=true,-,-,-,-,-,-,-,-,-,-,-
http://wtb.app.channeliq.com/buyonline/NZY4XZQJqUGrOsfhrdupIw/044600310128/?html=true,-,-,-,-,-,-,-,-,-,-,-
http://wtb.app.channeliq.com/buyonline/NZY4XZQJqUGrOsfhrdupIw/044600310548/?html=true,-,-,[✔],-,[✔],-,-,-,-,-,-
http://wtb.app.channeliq.com/buyonline/NZY4XZQJqUGrOsfhrdupIw/044600310531/?html=true,-,-,-,-,-,-,-,-,-,-,-
http://wtb.app.channeliq.com/buyonline/NZY4XZQJqUGrOsfhrdupIw/044600307848/?html=true,-,-,-,-,-,-,[✔],-,-,-,-
http://wtb.app.channeliq.com/buyonline/NZY4XZQJqUGrOsfhrdupIw/044600306278/?html=true,[✔],-,[✔],-,-,-,-,-,-,-,[✔]
http://wtb.app.channeliq.com/buyonline/NZY4XZQJqUGrOsfhrdupIw/044600002757/?html=true,-,-,-,-,-,-,[✔],-,-,-,-
http://wtb.app.channeliq.com/buyonline/NZY4XZQJqUGrOsfhrdupIw/044600009339/?html=true,-,[✔],-,-,-,[✔],-,-,-,-,-
http://wtb.app.channeliq.com/buyonline/NZY4XZQJqUGrOsfhrdupIw/044600009384/?html=true,[✔],[✔],[✔],-,[✔],-,-,-,-,-,-
http://wtb.app.channeliq.com/buyonline/NZY4XZQJqUGrOsfhrdupIw/044600305226/?html=true,[✔],[✔],[✔],-,[✔],-,-,-,-,-,[✔]
http://wtb.app.channeliq.com/buyonline/NZY4XZQJqUGrOsfhrdupIw/4460031663/?html=true,-,-,-,-,-,-,-,-,-,-,-
http://wtb.app.channeliq.com/buyonline/NZY4XZQJqUGrOsfhrdupIw/044600313139/?html=true,-,-,-,-,-,-,-,-,-,-,[✔]
http://wtb.app.channeliq.com/buyonline/NZY4XZQJqUGrOsfhrdupIw/044600016931/?html=true,-,-,-,-,-,-,-,-,-,-,-
http://wtb.app.channeliq.com/buyonline/NZY4XZQJqUGrOsfhrdupIw/044600313252/?html=true,-,-,-,-,-,-,-,-,-,-,-
http://wtb.app.channeliq.com/buyonline/NZY4XZQJqUGrOsfhrdupIw/044600308159/?html=true,-,-,-,-,-,-,-,-,-,-,-
http://wtb.app.channeliq.com/buyonline/NZY4XZQJqUGrOsfhrdupIw/044600313115/?html=true,-,-,-,-,-,-,-,-,-,-,-
http://wtb.app.channeliq.com/buyonline/NZY4XZQJqUGrOsfhrdupIw/044600324200/?html=true,-,-,-,-,-,-,-,-,-,-,-
http://wtb.app.channeliq.com/buyonline/NZY4XZQJqUGrOsfhrdupIw/044600324194/?html=true,-,[✔],[✔],-,-,-,-,-,-,-,-
http://wtb.app.channeliq.com/buyonline/NZY4XZQJqUGrOsfhrdupIw/044600324187/?html=true,-,-,[✔],-,-,-,-,-,-,-,-
http://wtb.app.channeliq.com/buyonline/NZY4XZQJqUGrOsfhrdupIw/044600324217/?html=true,-,-,-,-,-,-,-,-,-,-,-
http://wtb.app.channeliq.com/buyonline/NZY4XZQJqUGrOsfhrdupIw/044600321506/?html=true,-,-,-,-,-,-,-,-,-,-,-
http://wtb.app.channeliq.com/buyonline/NZY4XZQJqUGrOsfhrdupIw/044600324231/?html=true,-,-,-,-,-,-,-,-,-,-,-
http://wtb.app.channeliq.com/buyonline/NZY4XZQJqUGrOsfhrdupIw/044600324224/?html=true,-,-,-,-,-,-,-,-,-,-,-
http://wtb.app.channeliq.com/buyonline/NZY4XZQJqUGrOsfhrdupIw/044600325521/?html=true,-,-,-,-,[✔],-,-,[✔],-,-,-
http://wtb.app.channeliq.com/buyonline/NZY4XZQJqUGrOsfhrdupIw/044600325521/?html=true,-,-,-,-,[✔],-,-,[✔],-,-,-
http://wtb.app.channeliq.com/buyonline/NZY4XZQJqUGrOsfhrdupIw/044600325491/?html=true,-,-,-,-,[✔],-,-,-,-,-,-
http://wtb.app.channeliq.com/buyonline/NZY4XZQJqUGrOsfhrdupIw/044600325491/?html=true,-,-,-,-,[✔],-,-,-,-,-,-
http://wtb.app.channeliq.com/buyonline/NZY4XZQJqUGrOsfhrdupIw/044600325491/?html=true,-,-,-,-,[✔],-,-,-,-,-,-
http://wtb.app.channeliq.com/buyonline/NZY4XZQJqUGrOsfhrdupIw/044600325484/?html=true,-,-,-,-,[✔],-,-,[✔],-,-,-
http://wtb.app.channeliq.com/buyonline/NZY4XZQJqUGrOsfhrdupIw/044600325484/?html=true,-,-,-,-,[✔],-,-,[✔],-,-,-
http://wtb.app.channeliq.com/buyonline/NZY4XZQJqUGrOsfhrdupIw/044600324118/?html=true,[✔],[✔],[✔],-,-,-,-,-,-,-,-
http://wtb.app.channeliq.com/buyonline/NZY4XZQJqUGrOsfhrdupIw/044600324118/?html=true,[✔],[✔],[✔],-,-,-,-,-,-,-,-
http://wtb.app.channeliq.com/buyonline/NZY4XZQJqUGrOsfhrdupIw/044600324118/?html=true,[✔],[✔],[✔],-,-,-,-,-,-,-,-
