WTB,Guitar Center,Musicians Friend,Musician's Friend,zZounds,Willcutt Guitars,zzounds,American Musical Supply,Geartree,Sam Ash,Sweetwater,Elderly,Gruhn Guitars,Maury's Music,AmericanMusical,Music Villa,Martin Guitar,The Music Zoo,Wildwood Guitars
http://wtb.app.channeliq.com/buyonline/zlszyeFjBkW_xez_6RWTqg/729789399678/?html=true,[✔],[✔],[✔],-,-,-,-,-,-,-,-,-,-,-,-,-,-,-
http://wtb.app.channeliq.com/buyonline/zlszyeFjBkW_xez_6RWTqg/729789399685/?html=true,-,-,-,-,-,-,-,-,-,-,-,-,-,-,-,-,-,-
http://wtb.app.channeliq.com/buyonline/zlszyeFjBkW_xez_6RWTqg/729789406437/?html=true,[✔],-,[✔],-,[✔],[✔],-,-,-,-,-,-,-,-,-,-,-,-
http://wtb.app.channeliq.com/buyonline/zlszyeFjBkW_xez_6RWTqg/729789406444/?html=true,-,-,-,-,-,-,-,-,-,-,-,-,-,-,-,-,-,-
http://wtb.app.channeliq.com/buyonline/zlszyeFjBkW_xez_6RWTqg/729789402088/?html=true,-,-,-,[✔],-,-,-,-,-,-,-,-,-,-,-,-,-,-
http://wtb.app.channeliq.com/buyonline/zlszyeFjBkW_xez_6RWTqg/729789402095/?html=true,-,-,-,-,-,-,-,-,-,-,-,-,-,-,-,-,-,-
http://wtb.app.channeliq.com/buyonline/zlszyeFjBkW_xez_6RWTqg/729789399630/?html=true,-,-,[✔],-,-,-,-,-,-,-,-,-,-,-,-,-,-,-
http://wtb.app.channeliq.com/buyonline/zlszyeFjBkW_xez_6RWTqg/729789399647/?html=true,-,-,-,-,-,-,-,-,-,-,-,-,-,-,-,-,-,-
http://wtb.app.channeliq.com/buyonline/zlszyeFjBkW_xez_6RWTqg/729789506984/?html=true,-,[✔],[✔],[✔],-,-,-,-,-,-,-,-,-,-,-,-,-,-
http://wtb.app.channeliq.com/buyonline/zlszyeFjBkW_xez_6RWTqg/729789506991/?html=true,-,-,-,-,-,-,-,-,-,-,-,-,-,-,-,-,-,-
http://wtb.app.channeliq.com/buyonline/zlszyeFjBkW_xez_6RWTqg/729789540605/?html=true,[✔],-,[✔],[✔],-,-,[✔],-,-,-,-,-,-,-,-,-,-,-
http://wtb.app.channeliq.com/buyonline/zlszyeFjBkW_xez_6RWTqg/729789540629/?html=true,-,-,-,-,-,-,-,-,-,-,-,-,-,-,-,-,-,-
http://wtb.app.channeliq.com/buyonline/zlszyeFjBkW_xez_6RWTqg/729789540551/?html=true,[✔],-,[✔],-,-,-,[✔],-,-,-,-,-,-,-,-,-,-,-
http://wtb.app.channeliq.com/buyonline/zlszyeFjBkW_xez_6RWTqg/729789540575/?html=true,-,-,-,-,-,-,-,-,-,-,-,-,-,-,-,-,-,-
http://wtb.app.channeliq.com/buyonline/zlszyeFjBkW_xez_6RWTqg/729789580021/?html=true,[✔],-,[✔],[✔],-,-,[✔],[✔],[✔],[✔],-,-,-,-,-,-,-,-
http://wtb.app.channeliq.com/buyonline/zlszyeFjBkW_xez_6RWTqg/729789580045/?html=true,-,-,-,-,-,-,-,-,-,-,-,-,-,-,-,-,-,-
http://wtb.app.channeliq.com/buyonline/zlszyeFjBkW_xez_6RWTqg/729789587150/?html=true,[✔],-,[✔],[✔],-,-,[✔],-,[✔],-,[✔],-,-,-,-,-,-,-
http://wtb.app.channeliq.com/buyonline/zlszyeFjBkW_xez_6RWTqg/729789587174/?html=true,-,-,-,-,-,-,-,-,-,-,-,-,-,-,-,-,-,-
http://wtb.app.channeliq.com/buyonline/zlszyeFjBkW_xez_6RWTqg/729789595520/?html=true,-,-,[✔],[✔],-,-,-,-,-,-,-,[✔],-,-,-,-,-,-
http://wtb.app.channeliq.com/buyonline/zlszyeFjBkW_xez_6RWTqg/729789595544/?html=true,-,-,-,-,-,-,-,-,-,-,-,-,-,-,-,-,-,-
http://wtb.app.channeliq.com/buyonline/zlszyeFjBkW_xez_6RWTqg/729789587105/?html=true,[✔],-,[✔],[✔],[✔],-,[✔],-,-,[✔],-,-,-,-,-,-,-,-
http://wtb.app.channeliq.com/buyonline/zlszyeFjBkW_xez_6RWTqg/729789587129/?html=true,-,-,-,-,-,-,-,-,-,-,-,-,-,-,-,-,-,-
http://wtb.app.channeliq.com/buyonline/zlszyeFjBkW_xez_6RWTqg/729789595599/?html=true,-,-,-,-,-,-,-,-,-,-,-,-,-,-,-,-,-,-
http://wtb.app.channeliq.com/buyonline/zlszyeFjBkW_xez_6RWTqg/729789584333/?html=true,[✔],-,[✔],[✔],[✔],-,[✔],-,[✔],-,-,-,[✔],-,-,-,-,-
http://wtb.app.channeliq.com/buyonline/zlszyeFjBkW_xez_6RWTqg/729789585668/?html=true,[✔],-,[✔],[✔],[✔],-,-,-,-,[✔],-,-,-,-,-,-,-,-
http://wtb.app.channeliq.com/buyonline/zlszyeFjBkW_xez_6RWTqg/729789585682/?html=true,-,-,-,-,-,-,-,-,-,-,-,-,-,-,-,-,-,-
http://wtb.app.channeliq.com/buyonline/zlszyeFjBkW_xez_6RWTqg/729789584357/?html=true,-,-,-,-,-,-,-,-,-,-,-,-,-,-,-,-,-,-
http://wtb.app.channeliq.com/buyonline/zlszyeFjBkW_xez_6RWTqg/729789595643/?html=true,-,-,-,-,-,-,-,-,-,-,-,-,-,-,-,-,-,-
http://wtb.app.channeliq.com/buyonline/zlszyeFjBkW_xez_6RWTqg/729789584388/?html=true,[✔],-,[✔],[✔],-,-,[✔],-,[✔],[✔],-,-,-,-,-,-,-,-
http://wtb.app.channeliq.com/buyonline/zlszyeFjBkW_xez_6RWTqg/729789595674/?html=true,[✔],-,[✔],[✔],-,-,[✔],-,[✔],[✔],-,-,-,-,-,-,-,-
http://wtb.app.channeliq.com/buyonline/zlszyeFjBkW_xez_6RWTqg/729789584401/?html=true,-,-,-,-,-,-,-,-,-,-,-,-,-,-,-,-,-,-
http://wtb.app.channeliq.com/buyonline/zlszyeFjBkW_xez_6RWTqg/729789595698/?html=true,-,-,-,-,-,-,-,-,-,-,-,-,-,-,-,-,-,-
http://wtb.app.channeliq.com/buyonline/zlszyeFjBkW_xez_6RWTqg/729789585712/?html=true,-,-,-,-,-,-,-,-,-,-,-,-,-,-,-,-,-,-
http://wtb.app.channeliq.com/buyonline/zlszyeFjBkW_xez_6RWTqg/729789585736/?html=true,-,-,-,-,-,-,-,-,-,-,-,-,-,-,-,-,-,-
http://wtb.app.channeliq.com/buyonline/zlszyeFjBkW_xez_6RWTqg/729789509008/?html=true,-,-,-,-,[✔],-,-,-,-,-,-,-,-,-,-,-,-,-
http://wtb.app.channeliq.com/buyonline/zlszyeFjBkW_xez_6RWTqg/729789509015/?html=true,-,-,-,-,-,-,-,-,-,-,-,-,-,-,-,-,-,-
http://wtb.app.channeliq.com/buyonline/zlszyeFjBkW_xez_6RWTqg/729789509053/?html=true,-,-,[✔],-,[✔],-,-,-,-,-,-,[✔],-,[✔],-,-,-,-
http://wtb.app.channeliq.com/buyonline/zlszyeFjBkW_xez_6RWTqg/729789509060/?html=true,-,-,-,-,-,-,-,-,-,-,-,-,-,-,-,-,-,-
http://wtb.app.channeliq.com/buyonline/zlszyeFjBkW_xez_6RWTqg/729789520911/?html=true,[✔],-,[✔],-,-,-,-,-,-,-,-,-,-,-,-,-,-,-
http://wtb.app.channeliq.com/buyonline/zlszyeFjBkW_xez_6RWTqg/729789520928/?html=true,-,-,-,-,-,-,-,-,-,-,-,-,-,-,-,-,-,-
http://wtb.app.channeliq.com/buyonline/zlszyeFjBkW_xez_6RWTqg/729789520966/?html=true,[✔],-,[✔],-,-,-,-,-,-,-,-,-,-,-,-,-,-,-
http://wtb.app.channeliq.com/buyonline/zlszyeFjBkW_xez_6RWTqg/729789520973/?html=true,-,-,-,-,-,-,-,-,-,-,-,-,-,-,-,-,-,-
http://wtb.app.channeliq.com/buyonline/zlszyeFjBkW_xez_6RWTqg/729789580120/?html=true,-,-,-,[✔],-,-,-,-,[✔],-,-,[✔],-,-,-,-,-,-
http://wtb.app.channeliq.com/buyonline/zlszyeFjBkW_xez_6RWTqg/729789580144/?html=true,-,-,-,-,-,-,-,-,-,-,-,-,-,-,-,-,-,-
http://wtb.app.channeliq.com/buyonline/zlszyeFjBkW_xez_6RWTqg/729789549691/?html=true,[✔],[✔],-,-,-,-,-,-,-,-,-,-,-,-,-,-,-,-
http://wtb.app.channeliq.com/buyonline/zlszyeFjBkW_xez_6RWTqg/729789549714/?html=true,-,-,-,-,-,-,-,-,-,-,-,-,-,-,-,-,-,-
http://wtb.app.channeliq.com/buyonline/zlszyeFjBkW_xez_6RWTqg/729789483193/?html=true,-,-,-,-,[✔],-,-,-,-,-,[✔],[✔],-,-,-,-,-,-
http://wtb.app.channeliq.com/buyonline/zlszyeFjBkW_xez_6RWTqg/729789552196/?html=true,-,-,-,-,-,-,-,-,-,-,-,-,-,-,-,-,-,-
http://wtb.app.channeliq.com/buyonline/zlszyeFjBkW_xez_6RWTqg/729789483209/?html=true,-,-,-,-,-,-,-,-,-,-,-,-,-,-,-,-,-,-
http://wtb.app.channeliq.com/buyonline/zlszyeFjBkW_xez_6RWTqg/729789483278/?html=true,-,-,[✔],-,[✔],-,-,-,-,-,-,[✔],-,-,-,-,-,-
http://wtb.app.channeliq.com/buyonline/zlszyeFjBkW_xez_6RWTqg/729789536257/?html=true,[✔],-,[✔],-,-,-,-,-,-,-,-,[✔],-,-,-,-,-,-
http://wtb.app.channeliq.com/buyonline/zlszyeFjBkW_xez_6RWTqg/729789536271/?html=true,-,-,-,-,-,-,-,-,-,-,-,-,-,-,-,-,-,-
http://wtb.app.channeliq.com/buyonline/zlszyeFjBkW_xez_6RWTqg/729789483285/?html=true,-,-,-,-,-,-,-,-,-,-,-,-,-,-,-,-,-,-
http://wtb.app.channeliq.com/buyonline/zlszyeFjBkW_xez_6RWTqg/729789483537/?html=true,-,-,-,-,-,-,-,-,-,-,-,-,-,-,-,-,-,-
http://wtb.app.channeliq.com/buyonline/zlszyeFjBkW_xez_6RWTqg/729789550901/?html=true,-,-,-,-,-,-,-,-,-,-,-,-,-,-,-,-,-,-
http://wtb.app.channeliq.com/buyonline/zlszyeFjBkW_xez_6RWTqg/729789483544/?html=true,-,-,-,-,-,-,-,-,-,-,-,-,-,-,-,-,-,-
http://wtb.app.channeliq.com/buyonline/zlszyeFjBkW_xez_6RWTqg/729789062008/?html=true,-,-,-,-,-,-,-,-,-,-,-,-,-,-,-,-,-,-
http://wtb.app.channeliq.com/buyonline/zlszyeFjBkW_xez_6RWTqg/729789062404/?html=true,-,-,-,-,-,-,-,-,-,-,-,-,-,-,-,-,-,-
http://wtb.app.channeliq.com/buyonline/zlszyeFjBkW_xez_6RWTqg/729789551472/?html=true,[✔],-,[✔],[✔],-,-,[✔],-,[✔],-,-,-,[✔],-,-,-,-,-
http://wtb.app.channeliq.com/buyonline/zlszyeFjBkW_xez_6RWTqg/729789551496/?html=true,-,-,-,-,-,-,-,-,-,-,-,-,-,-,-,-,-,-
http://wtb.app.channeliq.com/buyonline/zlszyeFjBkW_xez_6RWTqg/729789578592/?html=true,[✔],-,[✔],[✔],-,-,[✔],-,-,-,-,-,[✔],-,-,-,-,-
http://wtb.app.channeliq.com/buyonline/zlszyeFjBkW_xez_6RWTqg/729789578608/?html=true,-,-,-,-,-,-,-,-,-,-,-,-,-,-,-,-,-,-
http://wtb.app.channeliq.com/buyonline/zlszyeFjBkW_xez_6RWTqg/729789591164/?html=true,[✔],-,[✔],-,-,-,-,-,-,-,-,-,[✔],-,-,-,-,-
http://wtb.app.channeliq.com/buyonline/zlszyeFjBkW_xez_6RWTqg/729789591171/?html=true,-,-,-,-,-,-,-,-,-,-,-,-,-,-,-,-,-,-
http://wtb.app.channeliq.com/buyonline/zlszyeFjBkW_xez_6RWTqg/729789538879/?html=true,-,-,-,-,-,-,-,-,-,-,-,-,-,-,-,-,-,-
http://wtb.app.channeliq.com/buyonline/zlszyeFjBkW_xez_6RWTqg/729789538886/?html=true,-,-,-,-,-,-,-,-,-,-,-,-,-,-,-,-,-,-
http://wtb.app.channeliq.com/buyonline/zlszyeFjBkW_xez_6RWTqg/729789036306/?html=true,[✔],-,-,[✔],-,-,[✔],[✔],-,-,-,[✔],-,-,-,-,-,-
http://wtb.app.channeliq.com/buyonline/zlszyeFjBkW_xez_6RWTqg/729789036405/?html=true,-,-,-,-,-,-,-,-,-,-,-,-,-,-,-,-,-,-
http://wtb.app.channeliq.com/buyonline/zlszyeFjBkW_xez_6RWTqg/729789036207/?html=true,-,-,-,-,[✔],-,-,-,-,-,-,-,-,-,-,-,-,-
http://wtb.app.channeliq.com/buyonline/zlszyeFjBkW_xez_6RWTqg/729789373647/?html=true,-,-,-,-,-,-,-,-,-,-,-,-,-,-,-,-,-,-
http://wtb.app.channeliq.com/buyonline/zlszyeFjBkW_xez_6RWTqg/729789423700/?html=true,-,-,-,-,-,-,-,-,-,-,-,[✔],-,-,-,-,-,-
http://wtb.app.channeliq.com/buyonline/zlszyeFjBkW_xez_6RWTqg/729789423977/?html=true,-,-,-,-,-,-,-,-,-,-,-,-,-,-,-,-,-,-
http://wtb.app.channeliq.com/buyonline/zlszyeFjBkW_xez_6RWTqg/729789573870/?html=true,-,-,-,-,-,-,-,-,-,-,[✔],-,-,-,-,-,-,-
http://wtb.app.channeliq.com/buyonline/zlszyeFjBkW_xez_6RWTqg/729789573894/?html=true,-,-,-,-,-,-,-,-,-,-,-,-,-,-,-,-,-,-
http://wtb.app.channeliq.com/buyonline/zlszyeFjBkW_xez_6RWTqg/729789384131/?html=true,-,-,-,-,-,-,-,-,-,-,-,[✔],-,-,-,-,-,-
http://wtb.app.channeliq.com/buyonline/zlszyeFjBkW_xez_6RWTqg/729789384810/?html=true,-,-,-,-,-,-,-,-,-,-,-,-,-,-,-,-,-,-
http://wtb.app.channeliq.com/buyonline/zlszyeFjBkW_xez_6RWTqg/729789382212/?html=true,-,-,-,-,-,-,-,-,-,-,-,-,-,-,-,-,-,-
http://wtb.app.channeliq.com/buyonline/zlszyeFjBkW_xez_6RWTqg/729789575102/?html=true,-,-,-,-,-,-,[✔],-,-,[✔],[✔],-,[✔],-,-,-,-,-
http://wtb.app.channeliq.com/buyonline/zlszyeFjBkW_xez_6RWTqg/729789575119/?html=true,-,-,-,-,-,-,-,-,-,-,-,-,-,-,-,-,-,-
http://wtb.app.channeliq.com/buyonline/zlszyeFjBkW_xez_6RWTqg/729789587501/?html=true,-,-,[✔],-,-,-,-,-,-,-,-,-,-,-,-,-,-,-
http://wtb.app.channeliq.com/buyonline/zlszyeFjBkW_xez_6RWTqg/729789587518/?html=true,-,-,-,-,-,-,-,-,-,-,-,-,-,-,-,-,-,-
http://wtb.app.channeliq.com/buyonline/zlszyeFjBkW_xez_6RWTqg/729789573801/?html=true,-,-,-,-,-,-,-,-,-,-,-,-,-,-,-,-,-,-
http://wtb.app.channeliq.com/buyonline/zlszyeFjBkW_xez_6RWTqg/729789573818/?html=true,-,-,-,-,-,-,-,-,-,-,-,-,-,-,-,-,-,-
http://wtb.app.channeliq.com/buyonline/zlszyeFjBkW_xez_6RWTqg/729789573788/?html=true,-,-,-,-,-,-,-,-,-,-,-,-,-,-,-,-,-,-
http://wtb.app.channeliq.com/buyonline/zlszyeFjBkW_xez_6RWTqg/729789573795/?html=true,-,-,-,-,-,-,-,-,-,-,-,-,-,-,-,-,-,-
http://wtb.app.channeliq.com/buyonline/zlszyeFjBkW_xez_6RWTqg/729789573825/?html=true,-,-,-,[✔],-,-,-,-,-,-,-,-,-,-,-,-,-,-
http://wtb.app.channeliq.com/buyonline/zlszyeFjBkW_xez_6RWTqg/729789573832/?html=true,-,-,-,-,-,-,-,-,-,-,-,-,-,-,-,-,-,-
http://wtb.app.channeliq.com/buyonline/zlszyeFjBkW_xez_6RWTqg/729789573849/?html=true,[✔],-,[✔],[✔],-,-,-,-,-,-,-,-,-,-,-,-,-,-
http://wtb.app.channeliq.com/buyonline/zlszyeFjBkW_xez_6RWTqg/729789573856/?html=true,-,-,-,-,-,-,-,-,-,-,-,-,-,-,-,-,-,-
http://wtb.app.channeliq.com/buyonline/zlszyeFjBkW_xez_6RWTqg/729789577816/?html=true,-,-,-,-,-,-,-,-,-,-,-,-,-,-,-,-,-,-
http://wtb.app.channeliq.com/buyonline/zlszyeFjBkW_xez_6RWTqg/729789577823/?html=true,-,-,-,-,-,-,-,-,-,-,-,-,-,-,-,-,-,-
http://wtb.app.channeliq.com/buyonline/zlszyeFjBkW_xez_6RWTqg/729789589154/?html=true,-,-,-,-,-,-,-,-,-,-,-,-,-,-,-,-,-,-
http://wtb.app.channeliq.com/buyonline/zlszyeFjBkW_xez_6RWTqg/729789589178/?html=true,-,-,-,-,-,-,-,-,-,-,-,-,-,-,-,-,-,-
http://wtb.app.channeliq.com/buyonline/zlszyeFjBkW_xez_6RWTqg/729789586429/?html=true,[✔],-,[✔],-,[✔],-,-,-,-,-,-,-,-,-,-,-,-,-
http://wtb.app.channeliq.com/buyonline/zlszyeFjBkW_xez_6RWTqg/729789586443/?html=true,-,-,-,-,-,-,-,-,-,-,-,-,-,-,-,-,-,-
http://wtb.app.channeliq.com/buyonline/zlszyeFjBkW_xez_6RWTqg/729789575881/?html=true,[✔],-,[✔],-,-,-,-,-,-,-,-,-,[✔],-,[✔],-,-,-
http://wtb.app.channeliq.com/buyonline/zlszyeFjBkW_xez_6RWTqg/729789566544/?html=true,[✔],-,[✔],-,-,-,-,-,-,-,-,-,[✔],-,-,-,-,-
http://wtb.app.channeliq.com/buyonline/zlszyeFjBkW_xez_6RWTqg/729789566568/?html=true,-,-,-,-,-,-,-,-,-,-,-,-,-,-,-,-,-,-
http://wtb.app.channeliq.com/buyonline/zlszyeFjBkW_xez_6RWTqg/729789566490/?html=true,-,-,-,-,-,-,-,-,-,-,-,-,-,-,-,-,-,-
http://wtb.app.channeliq.com/buyonline/zlszyeFjBkW_xez_6RWTqg/729789566513/?html=true,-,-,-,-,-,-,-,-,-,-,-,-,-,-,-,-,-,-
http://wtb.app.channeliq.com/buyonline/zlszyeFjBkW_xez_6RWTqg/729789600279/?html=true,-,-,-,-,-,-,-,-,-,-,-,-,-,-,-,-,-,-
http://wtb.app.channeliq.com/buyonline/zlszyeFjBkW_xez_6RWTqg/729789600293/?html=true,-,-,-,-,-,-,-,-,-,-,-,-,-,-,-,-,-,-
http://wtb.app.channeliq.com/buyonline/zlszyeFjBkW_xez_6RWTqg/729789602143/?html=true,-,-,-,-,-,-,-,-,-,-,-,-,-,-,-,-,-,-
http://wtb.app.channeliq.com/buyonline/zlszyeFjBkW_xez_6RWTqg/729789531672/?html=true,-,-,-,-,-,-,-,-,-,-,-,-,-,-,-,-,-,-
http://wtb.app.channeliq.com/buyonline/zlszyeFjBkW_xez_6RWTqg/729789543200/?html=true,-,-,-,-,-,-,-,-,-,-,-,-,-,-,-,-,-,-
http://wtb.app.channeliq.com/buyonline/zlszyeFjBkW_xez_6RWTqg/729789578622/?html=true,[✔],-,[✔],[✔],[✔],-,-,[✔],-,-,-,-,-,-,-,-,-,-
http://wtb.app.channeliq.com/buyonline/zlszyeFjBkW_xez_6RWTqg/729789578646/?html=true,-,-,-,-,-,-,-,-,-,-,-,-,-,-,-,-,-,-
http://wtb.app.channeliq.com/buyonline/zlszyeFjBkW_xez_6RWTqg/729789597593/?html=true,[✔],-,[✔],-,[✔],-,-,-,-,-,-,-,-,-,-,-,-,-
http://wtb.app.channeliq.com/buyonline/zlszyeFjBkW_xez_6RWTqg/729789597616/?html=true,-,-,-,-,-,-,-,-,-,-,-,-,-,-,-,-,-,-
http://wtb.app.channeliq.com/buyonline/zlszyeFjBkW_xez_6RWTqg/729789587402/?html=true,-,-,-,-,-,-,-,-,-,-,-,-,-,-,-,-,-,-
http://wtb.app.channeliq.com/buyonline/zlszyeFjBkW_xez_6RWTqg/729789587426/?html=true,-,-,-,-,-,-,-,-,-,-,-,-,-,-,-,-,-,-
http://wtb.app.channeliq.com/buyonline/zlszyeFjBkW_xez_6RWTqg/729789508278/?html=true,-,-,-,-,-,-,-,-,-,-,-,-,-,-,-,-,-,-
http://wtb.app.channeliq.com/buyonline/zlszyeFjBkW_xez_6RWTqg/729789507851/?html=true,-,-,[✔],[✔],-,-,-,[✔],-,-,-,-,-,[✔],-,-,-,-
http://wtb.app.channeliq.com/buyonline/zlszyeFjBkW_xez_6RWTqg/729789507868/?html=true,-,-,-,-,-,-,-,-,-,-,-,-,-,-,-,-,-,-
http://wtb.app.channeliq.com/buyonline/zlszyeFjBkW_xez_6RWTqg/729789507875/?html=true,[✔],-,[✔],-,-,-,-,-,-,-,-,-,-,-,-,-,-,-
http://wtb.app.channeliq.com/buyonline/zlszyeFjBkW_xez_6RWTqg/729789507882/?html=true,-,-,-,-,-,-,-,-,-,-,-,-,-,-,-,-,-,-
http://wtb.app.channeliq.com/buyonline/zlszyeFjBkW_xez_6RWTqg/729789592550/?html=true,[✔],-,[✔],[✔],-,-,-,-,-,-,-,-,-,-,-,-,-,-
http://wtb.app.channeliq.com/buyonline/zlszyeFjBkW_xez_6RWTqg/729789592574/?html=true,-,-,[✔],[✔],-,-,-,-,[✔],-,-,-,-,-,-,-,-,-
http://wtb.app.channeliq.com/buyonline/zlszyeFjBkW_xez_6RWTqg/729789592581/?html=true,-,-,-,-,-,-,-,-,-,-,-,-,-,-,-,-,-,-
http://wtb.app.channeliq.com/buyonline/zlszyeFjBkW_xez_6RWTqg/729789592567/?html=true,-,-,-,-,-,-,-,-,[✔],-,-,-,-,-,-,-,-,-
http://wtb.app.channeliq.com/buyonline/zlszyeFjBkW_xez_6RWTqg/729789508285/?html=true,[✔],-,[✔],[✔],-,-,-,-,-,[✔],[✔],-,-,[✔],-,-,-,-
http://wtb.app.channeliq.com/buyonline/zlszyeFjBkW_xez_6RWTqg/729789508292/?html=true,-,-,-,-,-,-,-,-,-,-,-,-,-,-,-,-,-,-
http://wtb.app.channeliq.com/buyonline/zlszyeFjBkW_xez_6RWTqg/729789572811/?html=true,[✔],-,[✔],[✔],[✔],-,[✔],-,-,-,-,-,-,-,-,-,-,-
http://wtb.app.channeliq.com/buyonline/zlszyeFjBkW_xez_6RWTqg/729789572835/?html=true,-,-,-,-,-,-,-,-,-,-,-,-,-,-,-,-,-,-
http://wtb.app.channeliq.com/buyonline/zlszyeFjBkW_xez_6RWTqg/729789585811/?html=true,[✔],-,-,[✔],-,-,[✔],-,-,-,-,-,-,-,-,-,-,-
http://wtb.app.channeliq.com/buyonline/zlszyeFjBkW_xez_6RWTqg/729789585835/?html=true,-,-,-,-,-,-,-,-,-,-,-,-,-,-,-,-,-,-
http://wtb.app.channeliq.com/buyonline/zlszyeFjBkW_xez_6RWTqg/729789572880/?html=true,-,-,-,-,-,-,-,-,-,-,-,-,-,-,-,-,-,-
http://wtb.app.channeliq.com/buyonline/zlszyeFjBkW_xez_6RWTqg/729789585866/?html=true,-,-,[✔],[✔],-,-,[✔],-,-,-,-,-,-,-,-,-,-,-
http://wtb.app.channeliq.com/buyonline/zlszyeFjBkW_xez_6RWTqg/729789585880/?html=true,-,-,-,-,-,-,-,-,-,-,-,-,-,-,-,-,-,-
http://wtb.app.channeliq.com/buyonline/zlszyeFjBkW_xez_6RWTqg/729789572712/?html=true,[✔],-,[✔],-,-,-,-,-,-,-,-,-,-,-,-,-,-,-
http://wtb.app.channeliq.com/buyonline/zlszyeFjBkW_xez_6RWTqg/729789572736/?html=true,-,-,-,-,-,-,-,-,-,-,-,-,-,-,-,-,-,-
http://wtb.app.channeliq.com/buyonline/zlszyeFjBkW_xez_6RWTqg/729789585910/?html=true,-,-,-,-,-,-,-,-,-,-,-,-,-,-,-,-,-,-
http://wtb.app.channeliq.com/buyonline/zlszyeFjBkW_xez_6RWTqg/729789585934/?html=true,-,-,-,-,-,-,-,-,-,-,-,-,-,-,-,-,-,-
http://wtb.app.channeliq.com/buyonline/zlszyeFjBkW_xez_6RWTqg/729789572767/?html=true,[✔],-,[✔],[✔],[✔],-,[✔],-,-,-,-,-,-,-,-,-,-,-
http://wtb.app.channeliq.com/buyonline/zlszyeFjBkW_xez_6RWTqg/729789572781/?html=true,-,-,-,-,-,-,-,-,-,-,-,-,-,-,-,-,-,-
http://wtb.app.channeliq.com/buyonline/zlszyeFjBkW_xez_6RWTqg/729789585965/?html=true,-,-,-,-,-,-,-,-,-,-,-,-,-,-,-,-,-,-
http://wtb.app.channeliq.com/buyonline/zlszyeFjBkW_xez_6RWTqg/729789585989/?html=true,-,-,-,-,-,-,-,-,-,-,-,-,-,-,-,-,-,-
http://wtb.app.channeliq.com/buyonline/zlszyeFjBkW_xez_6RWTqg/729789580861/?html=true,-,-,-,[✔],-,-,[✔],-,[✔],[✔],-,-,-,-,-,-,-,-
http://wtb.app.channeliq.com/buyonline/zlszyeFjBkW_xez_6RWTqg/729789580878/?html=true,-,-,-,-,-,-,-,-,-,-,-,-,-,-,-,-,-,-
http://wtb.app.channeliq.com/buyonline/zlszyeFjBkW_xez_6RWTqg/729789585422/?html=true,[✔],-,[✔],[✔],[✔],-,-,-,-,[✔],-,-,-,-,-,-,-,-
http://wtb.app.channeliq.com/buyonline/zlszyeFjBkW_xez_6RWTqg/729789585439/?html=true,-,-,-,-,-,-,-,-,-,-,-,-,-,-,-,-,-,-
http://wtb.app.channeliq.com/buyonline/zlszyeFjBkW_xez_6RWTqg/729789576260/?html=true,-,-,-,[✔],-,-,-,-,-,-,-,-,-,-,-,-,-,-
http://wtb.app.channeliq.com/buyonline/zlszyeFjBkW_xez_6RWTqg/729789576277/?html=true,-,-,-,-,-,-,-,-,-,-,-,-,-,-,-,-,-,-
http://wtb.app.channeliq.com/buyonline/zlszyeFjBkW_xez_6RWTqg/729789580892/?html=true,-,-,-,[✔],-,-,-,-,-,-,-,-,-,-,-,-,-,-
http://wtb.app.channeliq.com/buyonline/zlszyeFjBkW_xez_6RWTqg/729789580908/?html=true,-,-,-,-,-,-,-,-,-,-,-,-,-,-,-,-,-,-
http://wtb.app.channeliq.com/buyonline/zlszyeFjBkW_xez_6RWTqg/729789573986/?html=true,[✔],-,[✔],-,-,-,[✔],-,-,-,-,-,-,-,-,-,-,-
http://wtb.app.channeliq.com/buyonline/zlszyeFjBkW_xez_6RWTqg/729789573993/?html=true,-,-,-,-,-,-,-,-,-,-,-,-,-,-,-,-,-,-
http://wtb.app.channeliq.com/buyonline/zlszyeFjBkW_xez_6RWTqg/729789578066/?html=true,-,-,-,-,-,-,-,-,-,-,-,-,-,-,-,-,-,-
http://wtb.app.channeliq.com/buyonline/zlszyeFjBkW_xez_6RWTqg/729789584296/?html=true,-,-,-,[✔],-,-,[✔],-,-,-,-,-,[✔],-,-,-,-,-
http://wtb.app.channeliq.com/buyonline/zlszyeFjBkW_xez_6RWTqg/729789584302/?html=true,-,-,-,-,-,-,-,-,-,-,-,-,-,-,-,-,-,-
http://wtb.app.channeliq.com/buyonline/zlszyeFjBkW_xez_6RWTqg/729789578073/?html=true,-,-,-,-,-,-,-,-,-,-,-,-,-,-,-,-,-,-
http://wtb.app.channeliq.com/buyonline/zlszyeFjBkW_xez_6RWTqg/729789574020/?html=true,[✔],-,-,[✔],[✔],-,[✔],-,-,-,-,-,-,-,-,-,-,-
http://wtb.app.channeliq.com/buyonline/zlszyeFjBkW_xez_6RWTqg/729789574037/?html=true,-,-,-,-,-,-,-,-,-,-,-,-,-,-,-,-,-,-
http://wtb.app.channeliq.com/buyonline/zlszyeFjBkW_xez_6RWTqg/729789573948/?html=true,-,-,-,[✔],-,-,-,-,-,-,-,-,-,-,-,-,-,-
http://wtb.app.channeliq.com/buyonline/zlszyeFjBkW_xez_6RWTqg/729789573955/?html=true,-,-,-,-,-,-,-,-,-,-,-,-,-,-,-,-,-,-
http://wtb.app.channeliq.com/buyonline/zlszyeFjBkW_xez_6RWTqg/729789574105/?html=true,[✔],-,[✔],[✔],-,-,[✔],-,-,-,-,-,[✔],-,-,-,-,-
http://wtb.app.channeliq.com/buyonline/zlszyeFjBkW_xez_6RWTqg/729789574112/?html=true,-,-,-,-,-,-,-,-,-,-,-,-,-,-,-,-,-,-
http://wtb.app.channeliq.com/buyonline/zlszyeFjBkW_xez_6RWTqg/729789574068/?html=true,[✔],-,[✔],[✔],-,-,-,-,-,-,-,-,-,-,-,-,-,-
http://wtb.app.channeliq.com/buyonline/zlszyeFjBkW_xez_6RWTqg/729789574075/?html=true,-,-,-,-,-,-,-,-,-,-,-,-,-,-,-,-,-,-
http://wtb.app.channeliq.com/buyonline/zlszyeFjBkW_xez_6RWTqg/729789595490/?html=true,[✔],-,[✔],[✔],[✔],-,-,-,[✔],-,-,-,-,-,-,-,-,-
http://wtb.app.channeliq.com/buyonline/zlszyeFjBkW_xez_6RWTqg/729789446815/?html=true,-,-,-,-,-,-,-,-,-,-,-,-,-,-,-,-,-,-
http://wtb.app.channeliq.com/buyonline/zlszyeFjBkW_xez_6RWTqg/729789549257/?html=true,[✔],-,-,[✔],[✔],-,[✔],-,[✔],-,[✔],-,-,-,-,-,-,-
http://wtb.app.channeliq.com/buyonline/zlszyeFjBkW_xez_6RWTqg/729789549738/?html=true,-,-,[✔],-,-,-,-,-,-,-,[✔],-,-,-,-,-,-,-
http://wtb.app.channeliq.com/buyonline/zlszyeFjBkW_xez_6RWTqg/729789549752/?html=true,-,-,-,-,-,-,-,-,-,-,-,-,-,-,-,-,-,-
http://wtb.app.channeliq.com/buyonline/zlszyeFjBkW_xez_6RWTqg/729789549271/?html=true,-,-,-,-,-,-,-,-,-,-,-,-,-,-,-,-,-,-
http://wtb.app.channeliq.com/buyonline/zlszyeFjBkW_xez_6RWTqg/729789549776/?html=true,-,-,[✔],-,-,-,-,-,-,-,-,-,-,-,-,-,-,-
http://wtb.app.channeliq.com/buyonline/zlszyeFjBkW_xez_6RWTqg/729789549790/?html=true,-,-,-,-,-,-,-,-,-,-,-,-,-,-,-,-,-,-
http://wtb.app.channeliq.com/buyonline/zlszyeFjBkW_xez_6RWTqg/729789548755/?html=true,-,-,-,-,-,-,-,-,-,-,-,-,-,-,-,-,-,-
http://wtb.app.channeliq.com/buyonline/zlszyeFjBkW_xez_6RWTqg/729789516648/?html=true,[✔],-,[✔],[✔],-,-,-,-,-,-,-,-,-,-,-,-,-,-
http://wtb.app.channeliq.com/buyonline/zlszyeFjBkW_xez_6RWTqg/729789516655/?html=true,-,-,-,-,-,-,-,-,-,-,-,-,-,-,-,-,-,-
http://wtb.app.channeliq.com/buyonline/zlszyeFjBkW_xez_6RWTqg/729789549318/?html=true,-,-,[✔],[✔],[✔],-,[✔],-,-,[✔],-,-,[✔],-,-,-,-,-
http://wtb.app.channeliq.com/buyonline/zlszyeFjBkW_xez_6RWTqg/729789549332/?html=true,-,-,-,-,-,-,-,-,-,-,-,-,-,-,-,-,-,-
http://wtb.app.channeliq.com/buyonline/zlszyeFjBkW_xez_6RWTqg/729789524636/?html=true,-,-,-,[✔],-,-,[✔],-,-,-,-,-,-,-,-,-,-,-
http://wtb.app.channeliq.com/buyonline/zlszyeFjBkW_xez_6RWTqg/729789524650/?html=true,-,-,-,-,-,-,-,-,-,-,-,-,-,-,-,-,-,-
http://wtb.app.channeliq.com/buyonline/zlszyeFjBkW_xez_6RWTqg/729789412766/?html=true,[✔],-,[✔],[✔],[✔],-,[✔],-,-,[✔],-,-,-,-,-,-,-,-
http://wtb.app.channeliq.com/buyonline/zlszyeFjBkW_xez_6RWTqg/729789420174/?html=true,-,-,-,-,-,-,-,-,-,-,-,-,-,-,-,-,-,-
http://wtb.app.channeliq.com/buyonline/zlszyeFjBkW_xez_6RWTqg/729789420181/?html=true,-,-,-,-,-,-,-,-,-,-,-,-,-,-,-,-,-,-
http://wtb.app.channeliq.com/buyonline/zlszyeFjBkW_xez_6RWTqg/729789412773/?html=true,-,-,-,[✔],-,-,-,-,-,-,-,-,-,-,-,-,-,-
http://wtb.app.channeliq.com/buyonline/zlszyeFjBkW_xez_6RWTqg/729789419857/?html=true,-,-,-,-,-,-,-,-,-,-,-,-,-,-,-,-,-,-
http://wtb.app.channeliq.com/buyonline/zlszyeFjBkW_xez_6RWTqg/729789419864/?html=true,-,-,-,-,-,-,-,-,-,-,-,-,-,-,-,-,-,-
http://wtb.app.channeliq.com/buyonline/zlszyeFjBkW_xez_6RWTqg/729789544627/?html=true,[✔],-,[✔],[✔],[✔],-,-,-,-,[✔],-,-,[✔],-,-,[✔],-,-
http://wtb.app.channeliq.com/buyonline/zlszyeFjBkW_xez_6RWTqg/729789545686/?html=true,-,-,-,-,-,-,-,-,-,-,-,-,-,-,-,-,-,-
http://wtb.app.channeliq.com/buyonline/zlszyeFjBkW_xez_6RWTqg/729789545709/?html=true,-,-,-,-,-,-,-,-,-,-,-,-,-,-,-,-,-,-
http://wtb.app.channeliq.com/buyonline/zlszyeFjBkW_xez_6RWTqg/729789544641/?html=true,-,-,-,-,-,-,-,-,-,-,-,-,-,-,-,-,-,-
http://wtb.app.channeliq.com/buyonline/zlszyeFjBkW_xez_6RWTqg/729789545723/?html=true,-,-,-,-,-,-,-,-,-,-,-,-,-,-,-,-,-,-
http://wtb.app.channeliq.com/buyonline/zlszyeFjBkW_xez_6RWTqg/729789545747/?html=true,-,-,-,-,-,-,-,-,-,-,-,-,-,-,-,-,-,-
http://wtb.app.channeliq.com/buyonline/zlszyeFjBkW_xez_6RWTqg/729789549394/?html=true,[✔],-,[✔],[✔],[✔],-,-,[✔],-,[✔],-,[✔],-,-,-,-,-,-
http://wtb.app.channeliq.com/buyonline/zlszyeFjBkW_xez_6RWTqg/729789549813/?html=true,-,-,[✔],-,-,-,-,-,-,-,-,-,[✔],-,-,-,-,-
http://wtb.app.channeliq.com/buyonline/zlszyeFjBkW_xez_6RWTqg/729789549837/?html=true,-,-,-,-,-,-,-,-,-,-,-,-,-,-,-,-,-,-
http://wtb.app.channeliq.com/buyonline/zlszyeFjBkW_xez_6RWTqg/729789549417/?html=true,-,-,-,-,-,-,-,-,-,-,-,-,-,-,-,-,-,-
http://wtb.app.channeliq.com/buyonline/zlszyeFjBkW_xez_6RWTqg/729789549851/?html=true,-,-,[✔],-,-,-,-,-,-,-,-,-,-,-,-,-,-,-
http://wtb.app.channeliq.com/buyonline/zlszyeFjBkW_xez_6RWTqg/729789549875/?html=true,-,-,-,-,-,-,-,-,-,-,-,-,-,-,-,-,-,-
http://wtb.app.channeliq.com/buyonline/zlszyeFjBkW_xez_6RWTqg/729789548984/?html=true,-,-,[✔],-,-,-,-,-,-,-,-,-,-,-,-,-,-,-
http://wtb.app.channeliq.com/buyonline/zlszyeFjBkW_xez_6RWTqg/729789549004/?html=true,-,-,-,-,-,-,-,-,-,-,-,-,-,-,-,-,-,-
http://wtb.app.channeliq.com/buyonline/zlszyeFjBkW_xez_6RWTqg/729789548793/?html=true,-,-,-,-,-,-,-,-,-,-,-,-,-,-,-,-,-,-
http://wtb.app.channeliq.com/buyonline/zlszyeFjBkW_xez_6RWTqg/729789549028/?html=true,-,-,-,-,-,-,-,-,-,-,-,-,-,-,-,-,-,-
http://wtb.app.channeliq.com/buyonline/zlszyeFjBkW_xez_6RWTqg/729789549042/?html=true,-,-,-,-,-,-,-,-,-,-,-,-,-,-,-,-,-,-
http://wtb.app.channeliq.com/buyonline/zlszyeFjBkW_xez_6RWTqg/729789548830/?html=true,-,-,-,-,-,-,-,-,-,-,-,-,-,-,-,-,-,-
http://wtb.app.channeliq.com/buyonline/zlszyeFjBkW_xez_6RWTqg/729789548885/?html=true,-,-,-,-,-,-,-,-,-,-,-,-,-,-,-,-,-,-
http://wtb.app.channeliq.com/buyonline/zlszyeFjBkW_xez_6RWTqg/729789555043/?html=true,-,-,-,-,-,-,-,-,-,-,-,-,-,-,-,-,-,-
http://wtb.app.channeliq.com/buyonline/zlszyeFjBkW_xez_6RWTqg/729789549431/?html=true,-,-,-,-,[✔],-,-,[✔],-,[✔],-,[✔],-,-,-,-,-,-
http://wtb.app.channeliq.com/buyonline/zlszyeFjBkW_xez_6RWTqg/729789550628/?html=true,-,-,-,-,-,-,-,-,-,-,-,-,-,-,-,-,-,-
http://wtb.app.channeliq.com/buyonline/zlszyeFjBkW_xez_6RWTqg/729789550642/?html=true,-,-,-,-,-,-,-,-,-,-,-,-,-,-,-,-,-,-
http://wtb.app.channeliq.com/buyonline/zlszyeFjBkW_xez_6RWTqg/729789549455/?html=true,-,-,-,-,-,-,-,-,-,-,-,-,-,-,-,-,-,-
http://wtb.app.channeliq.com/buyonline/zlszyeFjBkW_xez_6RWTqg/729789550666/?html=true,-,-,-,-,-,-,-,-,-,-,[✔],-,-,-,-,-,-,-
http://wtb.app.channeliq.com/buyonline/zlszyeFjBkW_xez_6RWTqg/729789550680/?html=true,-,-,-,-,-,-,-,-,-,-,-,-,-,-,-,-,-,-
http://wtb.app.channeliq.com/buyonline/zlszyeFjBkW_xez_6RWTqg/729789549479/?html=true,-,-,-,-,-,-,-,-,-,[✔],-,-,[✔],-,[✔],-,-,-
http://wtb.app.channeliq.com/buyonline/zlszyeFjBkW_xez_6RWTqg/729789549493/?html=true,-,-,-,-,-,-,-,-,-,-,-,-,-,-,-,-,-,-
http://wtb.app.channeliq.com/buyonline/zlszyeFjBkW_xez_6RWTqg/729789548908/?html=true,-,-,[✔],-,-,-,-,-,-,[✔],[✔],[✔],-,-,-,-,-,-
http://wtb.app.channeliq.com/buyonline/zlszyeFjBkW_xez_6RWTqg/729789548922/?html=true,-,-,-,-,-,-,-,-,-,-,-,-,-,-,-,-,-,-
http://wtb.app.channeliq.com/buyonline/zlszyeFjBkW_xez_6RWTqg/729789549516/?html=true,[✔],-,[✔],[✔],[✔],-,[✔],-,-,-,[✔],-,-,-,-,-,-,-
http://wtb.app.channeliq.com/buyonline/zlszyeFjBkW_xez_6RWTqg/729789549530/?html=true,-,-,-,-,-,-,-,-,-,-,-,-,-,-,-,-,-,-
http://wtb.app.channeliq.com/buyonline/zlszyeFjBkW_xez_6RWTqg/729789549912/?html=true,-,-,-,-,-,-,-,-,-,-,-,-,-,-,-,-,-,-
http://wtb.app.channeliq.com/buyonline/zlszyeFjBkW_xez_6RWTqg/729789549578/?html=true,-,-,-,-,-,-,-,-,-,-,-,-,-,-,-,-,-,-
http://wtb.app.channeliq.com/buyonline/zlszyeFjBkW_xez_6RWTqg/729789549936/?html=true,-,-,[✔],-,-,-,-,-,-,-,-,-,-,-,-,-,-,-
http://wtb.app.channeliq.com/buyonline/zlszyeFjBkW_xez_6RWTqg/729789549950/?html=true,-,-,-,-,-,-,-,-,-,-,-,-,-,-,-,-,-,-
http://wtb.app.channeliq.com/buyonline/zlszyeFjBkW_xez_6RWTqg/729789549592/?html=true,[✔],-,[✔],[✔],-,-,-,-,-,-,-,[✔],-,-,-,-,-,-
http://wtb.app.channeliq.com/buyonline/zlszyeFjBkW_xez_6RWTqg/729789593632/?html=true,-,-,-,-,-,-,-,-,-,-,-,-,-,-,-,-,-,-
http://wtb.app.channeliq.com/buyonline/zlszyeFjBkW_xez_6RWTqg/729789593656/?html=true,-,-,-,-,-,-,-,-,-,-,-,-,-,-,-,-,-,-
http://wtb.app.channeliq.com/buyonline/zlszyeFjBkW_xez_6RWTqg/729789549615/?html=true,-,-,-,-,-,-,-,-,-,-,-,-,-,-,-,-,-,-
http://wtb.app.channeliq.com/buyonline/zlszyeFjBkW_xez_6RWTqg/729789589192/?html=true,-,-,-,-,-,-,-,-,-,-,-,-,-,-,-,-,-,-
http://wtb.app.channeliq.com/buyonline/zlszyeFjBkW_xez_6RWTqg/729789589208/?html=true,-,-,-,-,-,-,-,-,-,-,-,-,-,-,-,-,-,-
http://wtb.app.channeliq.com/buyonline/zlszyeFjBkW_xez_6RWTqg/729789548960/?html=true,-,-,-,-,-,-,-,-,-,-,-,-,-,-,-,-,-,-
http://wtb.app.channeliq.com/buyonline/zlszyeFjBkW_xez_6RWTqg/729789550055/?html=true,[✔],-,[✔],-,[✔],-,-,-,-,-,-,-,-,-,-,-,-,-
http://wtb.app.channeliq.com/buyonline/zlszyeFjBkW_xez_6RWTqg/729789567701/?html=true,-,-,-,-,-,-,-,-,-,-,-,-,-,-,-,-,-,-
http://wtb.app.channeliq.com/buyonline/zlszyeFjBkW_xez_6RWTqg/729789556729/?html=true,-,-,[✔],-,-,-,-,-,-,-,-,-,-,-,-,-,-,-
http://wtb.app.channeliq.com/buyonline/zlszyeFjBkW_xez_6RWTqg/729789567794/?html=true,-,-,-,-,-,-,-,-,-,-,-,-,-,-,-,-,-,-
http://wtb.app.channeliq.com/buyonline/zlszyeFjBkW_xez_6RWTqg/729789556743/?html=true,-,-,-,-,-,-,-,-,-,-,-,-,-,-,-,-,-,-
http://wtb.app.channeliq.com/buyonline/zlszyeFjBkW_xez_6RWTqg/729789567817/?html=true,-,-,-,-,-,-,-,-,-,-,-,-,-,-,-,-,-,-
http://wtb.app.channeliq.com/buyonline/zlszyeFjBkW_xez_6RWTqg/729789550079/?html=true,-,-,-,-,-,-,-,-,-,-,-,-,-,-,-,-,-,-
http://wtb.app.channeliq.com/buyonline/zlszyeFjBkW_xez_6RWTqg/729789567725/?html=true,-,-,-,-,-,-,-,-,-,-,-,-,-,-,-,-,-,-
http://wtb.app.channeliq.com/buyonline/zlszyeFjBkW_xez_6RWTqg/729789553568/?html=true,-,-,-,-,-,-,-,-,-,-,-,-,-,-,-,-,-,-
http://wtb.app.channeliq.com/buyonline/zlszyeFjBkW_xez_6RWTqg/729789567831/?html=true,-,-,-,-,-,-,-,-,-,-,-,-,-,-,-,-,-,-
http://wtb.app.channeliq.com/buyonline/zlszyeFjBkW_xez_6RWTqg/729789553582/?html=true,-,-,-,-,-,-,-,-,-,-,-,-,-,-,-,-,-,-
http://wtb.app.channeliq.com/buyonline/zlszyeFjBkW_xez_6RWTqg/729789567855/?html=true,-,-,-,-,-,-,-,-,-,-,-,-,-,-,-,-,-,-
http://wtb.app.channeliq.com/buyonline/zlszyeFjBkW_xez_6RWTqg/729789555074/?html=true,[✔],-,[✔],-,-,-,-,-,-,-,-,-,-,-,-,-,-,-
http://wtb.app.channeliq.com/buyonline/zlszyeFjBkW_xez_6RWTqg/729789567466/?html=true,-,-,-,[✔],-,-,-,-,-,-,-,-,-,-,-,-,-,-
http://wtb.app.channeliq.com/buyonline/zlszyeFjBkW_xez_6RWTqg/729789555081/?html=true,-,-,-,-,-,-,-,-,-,-,-,-,-,-,-,-,-,-
http://wtb.app.channeliq.com/buyonline/zlszyeFjBkW_xez_6RWTqg/729789567480/?html=true,-,-,-,-,-,-,-,-,-,-,-,-,-,-,-,-,-,-
http://wtb.app.channeliq.com/buyonline/zlszyeFjBkW_xez_6RWTqg/729789550376/?html=true,[✔],-,[✔],-,-,-,-,-,[✔],[✔],-,-,-,-,-,-,-,-
http://wtb.app.channeliq.com/buyonline/zlszyeFjBkW_xez_6RWTqg/729789567503/?html=true,-,-,-,[✔],-,-,-,-,-,-,-,-,-,-,-,-,-,-
http://wtb.app.channeliq.com/buyonline/zlszyeFjBkW_xez_6RWTqg/729789550390/?html=true,-,-,-,-,-,-,-,-,-,-,-,-,-,-,-,-,-,-
http://wtb.app.channeliq.com/buyonline/zlszyeFjBkW_xez_6RWTqg/729789567527/?html=true,-,-,-,-,-,-,-,-,-,-,-,-,-,-,-,-,-,-
http://wtb.app.channeliq.com/buyonline/zlszyeFjBkW_xez_6RWTqg/729789412247/?html=true,[✔],-,[✔],[✔],-,-,-,-,-,-,-,-,-,-,-,-,-,-
http://wtb.app.channeliq.com/buyonline/zlszyeFjBkW_xez_6RWTqg/729789412254/?html=true,[✔],-,[✔],[✔],-,-,-,-,-,-,-,-,-,-,-,-,-,-
http://wtb.app.channeliq.com/buyonline/zlszyeFjBkW_xez_6RWTqg/729789404310/?html=true,-,-,-,-,-,-,-,-,-,-,[✔],-,-,-,-,-,[✔],-
http://wtb.app.channeliq.com/buyonline/zlszyeFjBkW_xez_6RWTqg/729789404396/?html=true,-,-,-,-,-,-,-,-,-,-,-,-,-,-,-,-,-,-
http://wtb.app.channeliq.com/buyonline/zlszyeFjBkW_xez_6RWTqg/729789382649/?html=true,[✔],-,[✔],-,[✔],-,-,-,-,-,-,-,-,-,-,-,-,-
http://wtb.app.channeliq.com/buyonline/zlszyeFjBkW_xez_6RWTqg/729789407960/?html=true,[✔],-,[✔],[✔],-,-,-,-,-,-,-,-,-,[✔],-,-,-,-
http://wtb.app.channeliq.com/buyonline/zlszyeFjBkW_xez_6RWTqg/729789407977/?html=true,-,-,-,-,-,-,-,-,-,-,-,-,-,-,-,-,-,-
http://wtb.app.channeliq.com/buyonline/zlszyeFjBkW_xez_6RWTqg/729789562751/?html=true,-,-,-,-,-,-,-,-,-,-,-,-,-,-,-,-,-,-
http://wtb.app.channeliq.com/buyonline/zlszyeFjBkW_xez_6RWTqg/729789562768/?html=true,-,-,-,-,-,-,-,-,-,-,-,-,-,-,-,-,-,-
http://wtb.app.channeliq.com/buyonline/zlszyeFjBkW_xez_6RWTqg/729789403016/?html=true,-,-,[✔],[✔],-,-,-,-,[✔],-,-,-,-,[✔],-,-,-,-
http://wtb.app.channeliq.com/buyonline/zlszyeFjBkW_xez_6RWTqg/729789403023/?html=true,-,-,-,-,-,-,-,-,-,-,-,-,-,-,-,-,-,-
http://wtb.app.channeliq.com/buyonline/zlszyeFjBkW_xez_6RWTqg/729789407922/?html=true,[✔],-,[✔],-,-,[✔],[✔],-,-,-,-,-,[✔],-,-,-,-,-
http://wtb.app.channeliq.com/buyonline/zlszyeFjBkW_xez_6RWTqg/729789407939/?html=true,-,-,-,-,-,-,-,-,-,-,-,-,-,-,-,-,-,-
http://wtb.app.channeliq.com/buyonline/zlszyeFjBkW_xez_6RWTqg/729789584463/?html=true,[✔],-,[✔],[✔],-,-,-,-,-,-,-,-,-,-,-,-,-,-
http://wtb.app.channeliq.com/buyonline/zlszyeFjBkW_xez_6RWTqg/729789584470/?html=true,-,-,-,-,-,-,-,-,-,-,-,-,-,-,-,-,-,-
http://wtb.app.channeliq.com/buyonline/zlszyeFjBkW_xez_6RWTqg/729789584494/?html=true,-,-,-,-,-,-,-,-,-,-,-,-,-,-,-,-,-,-
http://wtb.app.channeliq.com/buyonline/zlszyeFjBkW_xez_6RWTqg/729789584500/?html=true,-,-,-,-,-,-,-,-,-,-,-,-,[✔],-,-,-,-,-
http://wtb.app.channeliq.com/buyonline/zlszyeFjBkW_xez_6RWTqg/729789584517/?html=true,-,-,-,-,-,-,-,-,-,-,-,-,-,-,-,-,-,-
http://wtb.app.channeliq.com/buyonline/zlszyeFjBkW_xez_6RWTqg/729789584524/?html=true,-,-,-,[✔],-,-,-,-,-,-,-,-,-,-,-,-,-,-
http://wtb.app.channeliq.com/buyonline/zlszyeFjBkW_xez_6RWTqg/729789584531/?html=true,-,-,-,-,-,-,-,-,-,-,-,-,-,-,-,-,-,-
http://wtb.app.channeliq.com/buyonline/zlszyeFjBkW_xez_6RWTqg/729789584586/?html=true,[✔],-,[✔],[✔],-,-,-,-,[✔],-,-,-,-,-,-,-,-,-
http://wtb.app.channeliq.com/buyonline/zlszyeFjBkW_xez_6RWTqg/729789584609/?html=true,-,-,-,-,-,-,-,-,-,-,-,-,-,-,-,-,-,-
http://wtb.app.channeliq.com/buyonline/zlszyeFjBkW_xez_6RWTqg/729789584562/?html=true,-,-,-,-,-,-,-,-,-,-,-,-,-,-,-,-,-,-
http://wtb.app.channeliq.com/buyonline/zlszyeFjBkW_xez_6RWTqg/729789584593/?html=true,-,-,-,-,-,-,-,-,-,-,-,-,-,-,-,-,-,-
http://wtb.app.channeliq.com/buyonline/zlszyeFjBkW_xez_6RWTqg/729789584616/?html=true,-,-,-,-,-,-,-,-,-,-,-,-,-,-,-,-,-,-
http://wtb.app.channeliq.com/buyonline/zlszyeFjBkW_xez_6RWTqg/729789584579/?html=true,-,-,-,-,-,-,-,-,-,-,-,-,-,-,-,-,-,-
http://wtb.app.channeliq.com/buyonline/zlszyeFjBkW_xez_6RWTqg/729789584746/?html=true,-,-,-,[✔],-,-,[✔],-,[✔],-,[✔],-,-,-,-,-,-,-
http://wtb.app.channeliq.com/buyonline/zlszyeFjBkW_xez_6RWTqg/729789584760/?html=true,-,-,-,[✔],[✔],-,-,-,-,[✔],-,-,[✔],-,-,-,-,-
http://wtb.app.channeliq.com/buyonline/zlszyeFjBkW_xez_6RWTqg/729789586696/?html=true,-,-,-,-,-,-,-,-,-,-,-,-,-,-,-,-,-,-
http://wtb.app.channeliq.com/buyonline/zlszyeFjBkW_xez_6RWTqg/729789586719/?html=true,-,-,-,-,-,-,-,-,-,-,-,-,-,-,-,-,-,-
http://wtb.app.channeliq.com/buyonline/zlszyeFjBkW_xez_6RWTqg/729789584753/?html=true,-,-,-,-,-,-,-,-,-,-,-,-,-,-,-,-,-,-
http://wtb.app.channeliq.com/buyonline/zlszyeFjBkW_xez_6RWTqg/729789584777/?html=true,-,-,-,-,-,-,-,-,-,-,-,-,-,-,-,-,-,-
http://wtb.app.channeliq.com/buyonline/zlszyeFjBkW_xez_6RWTqg/729789586702/?html=true,-,-,-,-,-,-,-,-,-,-,-,-,-,-,-,-,-,-
http://wtb.app.channeliq.com/buyonline/zlszyeFjBkW_xez_6RWTqg/729789586726/?html=true,-,-,-,-,-,-,-,-,-,-,-,-,-,-,-,-,-,-
http://wtb.app.channeliq.com/buyonline/zlszyeFjBkW_xez_6RWTqg/729789584623/?html=true,-,-,-,[✔],-,-,-,-,-,-,-,-,-,-,-,-,-,-
http://wtb.app.channeliq.com/buyonline/zlszyeFjBkW_xez_6RWTqg/729789584661/?html=true,[✔],-,[✔],-,-,-,[✔],-,-,-,-,-,-,-,-,-,-,-
http://wtb.app.channeliq.com/buyonline/zlszyeFjBkW_xez_6RWTqg/729789584685/?html=true,-,-,-,-,-,-,-,-,-,-,-,-,-,-,-,-,-,-
http://wtb.app.channeliq.com/buyonline/zlszyeFjBkW_xez_6RWTqg/729789584708/?html=true,-,-,-,-,-,-,-,-,-,-,-,-,-,-,-,-,-,-
http://wtb.app.channeliq.com/buyonline/zlszyeFjBkW_xez_6RWTqg/729789584548/?html=true,[✔],-,[✔],[✔],-,-,[✔],-,-,[✔],-,-,-,-,-,-,-,-
http://wtb.app.channeliq.com/buyonline/zlszyeFjBkW_xez_6RWTqg/729789584555/?html=true,-,-,-,-,-,-,-,-,-,-,-,-,-,-,-,-,-,-
http://wtb.app.channeliq.com/buyonline/zlszyeFjBkW_xez_6RWTqg/729789584647/?html=true,[✔],-,[✔],-,-,-,-,-,-,-,-,-,-,-,-,-,-,-
http://wtb.app.channeliq.com/buyonline/zlszyeFjBkW_xez_6RWTqg/729789584654/?html=true,-,-,-,-,-,-,-,-,-,-,-,-,-,-,-,-,-,-
http://wtb.app.channeliq.com/buyonline/zlszyeFjBkW_xez_6RWTqg/729789584630/?html=true,-,-,-,-,-,-,-,-,-,-,-,-,-,-,-,-,-,-
http://wtb.app.channeliq.com/buyonline/zlszyeFjBkW_xez_6RWTqg/729789584678/?html=true,-,-,-,-,-,-,-,-,-,-,-,-,-,-,-,-,-,-
http://wtb.app.channeliq.com/buyonline/zlszyeFjBkW_xez_6RWTqg/729789584692/?html=true,-,-,-,-,-,-,-,-,-,-,-,-,-,-,-,-,-,-
http://wtb.app.channeliq.com/buyonline/zlszyeFjBkW_xez_6RWTqg/729789584715/?html=true,-,-,-,-,-,-,-,-,-,-,-,-,-,-,-,-,-,-
http://wtb.app.channeliq.com/buyonline/zlszyeFjBkW_xez_6RWTqg/729789584784/?html=true,[✔],-,[✔],[✔],-,-,[✔],-,[✔],-,-,-,-,-,-,-,-,-
http://wtb.app.channeliq.com/buyonline/zlszyeFjBkW_xez_6RWTqg/729789584807/?html=true,-,-,-,-,-,-,-,-,-,-,-,-,-,-,-,-,-,-
http://wtb.app.channeliq.com/buyonline/zlszyeFjBkW_xez_6RWTqg/729789584821/?html=true,-,-,-,-,-,-,-,-,-,-,-,-,-,-,-,-,-,-
http://wtb.app.channeliq.com/buyonline/zlszyeFjBkW_xez_6RWTqg/729789584791/?html=true,-,-,-,-,-,-,-,-,-,-,-,-,-,-,-,-,-,-
http://wtb.app.channeliq.com/buyonline/zlszyeFjBkW_xez_6RWTqg/729789584814/?html=true,-,-,-,-,-,-,-,-,-,-,-,-,-,-,-,-,-,-
http://wtb.app.channeliq.com/buyonline/zlszyeFjBkW_xez_6RWTqg/729789584838/?html=true,-,-,-,-,-,-,-,-,-,-,-,-,-,-,-,-,-,-
http://wtb.app.channeliq.com/buyonline/zlszyeFjBkW_xez_6RWTqg/729789584845/?html=true,-,-,-,-,-,-,[✔],-,[✔],-,-,-,-,-,-,-,-,-
http://wtb.app.channeliq.com/buyonline/zlszyeFjBkW_xez_6RWTqg/729789584852/?html=true,-,-,-,-,-,-,-,-,-,-,-,-,-,-,-,-,-,-
http://wtb.app.channeliq.com/buyonline/zlszyeFjBkW_xez_6RWTqg/729789382205/?html=true,[✔],-,[✔],[✔],[✔],-,-,[✔],-,-,-,[✔],-,-,-,-,[✔],-
http://wtb.app.channeliq.com/buyonline/zlszyeFjBkW_xez_6RWTqg/729789548946/?html=true,-,-,-,-,-,-,-,-,-,[✔],-,[✔],-,-,-,-,[✔],-
http://wtb.app.channeliq.com/buyonline/zlszyeFjBkW_xez_6RWTqg/729789549899/?html=true,[✔],-,[✔],-,-,-,-,-,-,-,-,-,-,-,-,-,[✔],-
http://wtb.app.channeliq.com/buyonline/zlszyeFjBkW_xez_6RWTqg/729789549554/?html=true,[✔],-,[✔],-,[✔],-,-,-,[✔],[✔],-,-,-,-,-,-,[✔],-
http://wtb.app.channeliq.com/buyonline/zlszyeFjBkW_xez_6RWTqg/729789508261/?html=true,-,-,-,[✔],-,-,[✔],-,-,-,-,-,-,-,-,-,-,-
http://wtb.app.channeliq.com/buyonline/zlszyeFjBkW_xez_6RWTqg/729789555036/?html=true,[✔],-,[✔],-,-,-,-,-,-,[✔],-,-,-,-,-,-,[✔],-
http://wtb.app.channeliq.com/buyonline/zlszyeFjBkW_xez_6RWTqg/729789548861/?html=true,-,-,-,[✔],-,-,-,-,-,-,-,-,-,-,-,-,[✔],-
http://wtb.app.channeliq.com/buyonline/zlszyeFjBkW_xez_6RWTqg/729789548816/?html=true,[✔],-,[✔],-,-,-,-,-,-,[✔],-,-,[✔],-,-,-,-,-
http://wtb.app.channeliq.com/buyonline/zlszyeFjBkW_xez_6RWTqg/729789548779/?html=true,-,-,[✔],[✔],-,-,-,-,-,-,[✔],[✔],-,-,-,-,-,-
http://wtb.app.channeliq.com/buyonline/zlszyeFjBkW_xez_6RWTqg/729789572866/?html=true,[✔],-,[✔],[✔],[✔],-,[✔],[✔],[✔],-,[✔],-,-,-,-,-,[✔],[✔]
http://wtb.app.channeliq.com/buyonline/zlszyeFjBkW_xez_6RWTqg/729789552172/?html=true,[✔],-,[✔],[✔],-,-,-,-,-,-,[✔],[✔],[✔],-,[✔],-,-,-
http://wtb.app.channeliq.com/buyonline/zlszyeFjBkW_xez_6RWTqg/729789602129/?html=true,-,-,-,[✔],-,-,-,[✔],[✔],-,-,-,-,-,-,-,[✔],-
http://wtb.app.channeliq.com/buyonline/zlszyeFjBkW_xez_6RWTqg/729789595629/?html=true,[✔],-,[✔],[✔],[✔],-,[✔],-,[✔],-,-,-,[✔],-,-,-,[✔],-
http://wtb.app.channeliq.com/buyonline/zlszyeFjBkW_xez_6RWTqg/729789595575/?html=true,-,-,[✔],[✔],[✔],-,[✔],-,[✔],[✔],-,[✔],-,-,-,-,[✔],-
http://wtb.app.channeliq.com/buyonline/zlszyeFjBkW_xez_6RWTqg/729789584487/?html=true,-,-,-,[✔],-,-,-,-,[✔],-,-,-,[✔],-,-,-,-,-
http://wtb.app.channeliq.com/buyonline/zlszyeFjBkW_xez_6RWTqg/729789548731/?html=true,-,-,-,-,[✔],-,-,-,-,-,-,-,-,-,-,-,[✔],-
http://wtb.app.channeliq.com/buyonline/zlszyeFjBkW_xez_6RWTqg/729789446785/?html=true,[✔],-,[✔],-,-,-,-,[✔],[✔],[✔],-,[✔],[✔],-,-,-,-,-
