WTB,Amazon,Premier Protein,Walmart US,Target,Walgreens,Sam's Club,BJ's Wholesale,Costco
http://wtb.app.channeliq.com/buyonline/YZyzpjfD2kWD01HBYaPFyw/643843715740/?html=true,-,-,-,-,-,-,-,-
http://wtb.app.channeliq.com/buyonline/YZyzpjfD2kWD01HBYaPFyw/643843718222/?html=true,-,-,-,-,-,-,-,-
http://wtb.app.channeliq.com/buyonline/YZyzpjfD2kWD01HBYaPFyw/643843715764/?html=true,-,-,-,-,-,-,-,-
http://wtb.app.channeliq.com/buyonline/YZyzpjfD2kWD01HBYaPFyw/643843717782/?html=true,-,-,-,-,-,-,-,-
http://wtb.app.channeliq.com/buyonline/YZyzpjfD2kWD01HBYaPFyw/643843714149/?html=true,-,-,-,-,-,-,-,-
http://wtb.app.channeliq.com/buyonline/YZyzpjfD2kWD01HBYaPFyw/643843715924/?html=true,-,-,-,-,-,-,-,-
http://wtb.app.channeliq.com/buyonline/YZyzpjfD2kWD01HBYaPFyw/643843714163/?html=true,-,-,-,-,-,-,-,-
http://wtb.app.channeliq.com/buyonline/YZyzpjfD2kWD01HBYaPFyw/643843718185/?html=true,-,-,-,-,-,-,-,-
http://wtb.app.channeliq.com/buyonline/YZyzpjfD2kWD01HBYaPFyw/643843714156/?html=true,-,-,-,-,-,-,-,-
http://wtb.app.channeliq.com/buyonline/YZyzpjfD2kWD01HBYaPFyw/643843715931/?html=true,-,-,-,-,-,-,-,-
http://wtb.app.channeliq.com/buyonline/Z6_XhSpPNki4rh7I-kAuxg/643843717089/?html=true,[✔],[✔],-,-,-,-,-,-
http://wtb.app.channeliq.com/buyonline/Z6_XhSpPNki4rh7I-kAuxg/643843717065/?html=true,[✔],[✔],-,-,-,-,-,-
http://wtb.app.channeliq.com/buyonline/Z6_XhSpPNki4rh7I-kAuxg/643843717102/?html=true,[✔],[✔],-,-,-,-,-,-
http://wtb.app.channeliq.com/buyonline/Z6_XhSpPNki4rh7I-kAuxg/643843717126/?html=true,,[✔],-,-,-,-,-,-
http://wtb.app.channeliq.com/buyonline/Z6_XhSpPNki4rh7I-kAuxg/643843718031/?html=true,[✔],[✔],-,-,-,-,-,-
http://wtb.app.channeliq.com/buyonline/Z6_XhSpPNki4rh7I-kAuxg/643843718000/?html=true,[✔],[✔],-,-,-,-,-,-
http://wtb.app.channeliq.com/buyonline/Z6_XhSpPNki4rh7I-kAuxg/643843718062/?html=true,[✔],[✔],-,-,-,-,-,-
http://wtb.app.channeliq.com/buyonline/Z6_XhSpPNki4rh7I-kAuxg/00643843716365/?html=true,[✔],,[✔],-,-,-,-,-
http://wtb.app.channeliq.com/buyonline/Z6_XhSpPNki4rh7I-kAuxg/00643843715184/?html=true,[✔],,[✔],-,-,-,-,-
http://wtb.app.channeliq.com/buyonline/Z6_XhSpPNki4rh7I-kAuxg/00643843715887/?html=true,[✔],[✔],,[✔],[✔],-,-,-
http://wtb.app.channeliq.com/buyonline/Z6_XhSpPNki4rh7I-kAuxg/00643843715900/?html=true,[✔],,,[✔],[✔],-,-,-
http://wtb.app.channeliq.com/buyonline/Z6_XhSpPNki4rh7I-kAuxg/00643843200581/?html=true,,,,,,[✔],-,-
http://wtb.app.channeliq.com/buyonline/Z6_XhSpPNki4rh7I-kAuxg/643843717362/?html=true,[✔],[✔],,[✔],,,-,-
http://wtb.app.channeliq.com/buyonline/Z6_XhSpPNki4rh7I-kAuxg/00643843715009/?html=true,,,[✔],,,[✔],[✔],-
http://wtb.app.channeliq.com/buyonline/Z6_XhSpPNki4rh7I-kAuxg/00643843715023/?html=true,,,,[✔],[✔],,,-
http://wtb.app.channeliq.com/buyonline/Z6_XhSpPNki4rh7I-kAuxg/00643843714996/?html=true,,,[✔],,,[✔],[✔],-
http://wtb.app.channeliq.com/buyonline/Z6_XhSpPNki4rh7I-kAuxg/00643843715047/?html=true,,[✔],[✔],[✔],[✔],,,-
http://wtb.app.channeliq.com/buyonline/Z6_XhSpPNki4rh7I-kAuxg/00643843714200/?html=true,,,[✔],,,[✔],[✔],-
http://wtb.app.channeliq.com/buyonline/Z6_XhSpPNki4rh7I-kAuxg/00643843714484/?html=true,,[✔],[✔],[✔],[✔],,,-
http://wtb.app.channeliq.com/buyonline/Z6_XhSpPNki4rh7I-kAuxg/00643843780021/?html=true,[✔],,,,,,,-
http://wtb.app.channeliq.com/buyonline/Z6_XhSpPNki4rh7I-kAuxg/00643843717003/?html=true,,,,,,,,[✔]
http://wtb.app.channeliq.com/buyonline/Z6_XhSpPNki4rh7I-kAuxg/00643843716105/?html=true,,,[✔],[✔],[✔],,,
http://wtb.app.channeliq.com/buyonline/Z6_XhSpPNki4rh7I-kAuxg/000000000000/?html=true,[✔],,,,,,,
http://wtb.app.channeliq.com/buyonline/Z6_XhSpPNki4rh7I-kAuxg/00643843716266/?html=true,,,[✔],,,[✔],,
http://wtb.app.channeliq.com/buyonline/Z6_XhSpPNki4rh7I-kAuxg/00643843716235/?html=true,,,[✔],,,,[✔],
http://wtb.app.channeliq.com/buyonline/Z6_XhSpPNki4rh7I-kAuxg/00643843716075/?html=true,,,,[✔],[✔],,,
http://wtb.app.channeliq.com/buyonline/Z6_XhSpPNki4rh7I-kAuxg/643843714804/?html=true,[✔],,[✔],,,[✔],,
http://wtb.app.channeliq.com/buyonline/Z6_XhSpPNki4rh7I-kAuxg/00643843717027/?html=true,,,,,,,,[✔]
http://wtb.app.channeliq.com/buyonline/Z6_XhSpPNki4rh7I-kAuxg/00643843713944/?html=true,,,[✔],,,[✔],[✔],
http://wtb.app.channeliq.com/buyonline/Z6_XhSpPNki4rh7I-kAuxg/00643843714668/?html=true,,,[✔],[✔],[✔],,,
http://wtb.app.channeliq.com/buyonline/Z6_XhSpPNki4rh7I-kAuxg/00643843714514/?html=true,,,[✔],[✔],[✔],,,
http://wtb.app.channeliq.com/buyonline/Z6_XhSpPNki4rh7I-kAuxg/00643843780045/?html=true,[✔],,[✔],,,,,
http://wtb.app.channeliq.com/buyonline/Z6_XhSpPNki4rh7I-kAuxg/643843717140/?html=true,[✔],[✔],[✔],,,,,
http://wtb.app.channeliq.com/buyonline/Z6_XhSpPNki4rh7I-kAuxg/643843717034/?html=true,[✔],[✔],[✔],,,,,
http://wtb.app.channeliq.com/buyonline/Z6_XhSpPNki4rh7I-kAuxg/00643843716990/?html=true,[✔],[✔],,,,,,
http://wtb.app.channeliq.com/buyonline/Z6_XhSpPNki4rh7I-kAuxg/00643843716228/?html=true,,,,,,,,[✔]
http://wtb.app.channeliq.com/buyonline/Z6_XhSpPNki4rh7I-kAuxg/00643843716976/?html=true,[✔],[✔],[✔],,,,,
http://wtb.app.channeliq.com/buyonline/Z6_XhSpPNki4rh7I-kAuxg/00643843716662/?html=true,[✔],[✔],,,,,,
http://wtb.app.channeliq.com/buyonline/Z6_XhSpPNki4rh7I-kAuxg/643843717225/?html=true,[✔],,,,,,,
http://wtb.app.channeliq.com/buyonline/Z6_XhSpPNki4rh7I-kAuxg/643843715979/?html=true,,,,[✔],,,,
http://wtb.app.channeliq.com/buyonline/Z6_XhSpPNki4rh7I-kAuxg/643843717379?html=true,,[✔],[✔],,,[✔],,
http://wtb.app.channeliq.com/buyonline/Z6_XhSpPNki4rh7I-kAuxg/643843716648?html=true,,,,,,,,[✔]
http://wtb.app.channeliq.com/buyonline/Z6_XhSpPNki4rh7I-kAuxg/643843717386?html=true,,[✔],,[✔],,,,
http://wtb.app.channeliq.com/buyonline/Z6_XhSpPNki4rh7I-kAuxg/643843717508?html=true,,[✔],,[✔],,,,
http://wtb.app.channeliq.com/buyonline/Z6_XhSpPNki4rh7I-kAuxg/643843717454?html=true,,[✔],,[✔],,,,
http://wtb.app.channeliq.com/buyonline/Z6_XhSpPNki4rh7I-kAuxg/643843717751?html=true,,,,,,,,[✔]
http://wtb.app.channeliq.com/buyonline/Z6_XhSpPNki4rh7I-kAuxg/643843717492?html=true,,[✔],[✔],,,[✔],,
http://wtb.app.channeliq.com/buyonline/Z6_XhSpPNki4rh7I-kAuxg/643843717881?html=true,[✔],[✔],,,,,,
http://wtb.app.channeliq.com/buyonline/Z6_XhSpPNki4rh7I-kAuxg/643843717829?html=true,[✔],[✔],,,,,,
http://wtb.app.channeliq.com/buyonline/Z6_XhSpPNki4rh7I-kAuxg/643843717843?html=true,[✔],[✔],,,,,,
http://wtb.app.channeliq.com/buyonline/Z6_XhSpPNki4rh7I-kAuxg/643843717867?html=true,[✔],[✔],,,,,,
http://wtb.app.channeliq.com/buyonline/Z6_XhSpPNki4rh7I-kAuxg/643843717676?html=true,[✔],[✔],,,,,,
http://wtb.app.channeliq.com/buyonline/Z6_XhSpPNki4rh7I-kAuxg/643843717652?html=true,[✔],[✔],,,,,,
http://wtb.app.channeliq.com/buyonline/Z6_XhSpPNki4rh7I-kAuxg/00643843716556?html=true,,[✔],,[✔],,,,
http://wtb.app.channeliq.com/buyonline/Z6_XhSpPNki4rh7I-kAuxg/643843717690?html=true,[✔],[✔],,,,,,
http://wtb.app.channeliq.com/buyonline/Z6_XhSpPNki4rh7I-kAuxg/643843717447?html=true,,[✔],[✔],,,[✔],,
http://wtb.app.channeliq.com/buyonline/Z6_XhSpPNki4rh7I-kAuxg/00643843716549?html=true,,,[✔],,,,,
http://wtb.app.channeliq.com/buyonline/Z6_XhSpPNki4rh7I-kAuxg/643843718314?html=true,,,,,,[✔],,
http://wtb.app.channeliq.com/buyonline/Z6_XhSpPNki4rh7I-kAuxg/643843720461?html=true,,,,,,[✔],,
http://wtb.app.channeliq.com/buyonline/Z6_XhSpPNki4rh7I-kAuxg/00643843720478?html=true,[✔],[✔],,,,,,
http://wtb.app.channeliq.com/buyonline/Z6_XhSpPNki4rh7I-kAuxg/643843720454?html=true,,,,,,[✔],,
http://wtb.app.channeliq.com/buyonline/Z6_XhSpPNki4rh7I-kAuxg/643843718284?html=true,,,,,,[✔],,
http://wtb.app.channeliq.com/buyonline/Z6_XhSpPNki4rh7I-kAuxg/643843718307?html=true,,,,,,[✔],,
http://wtb.app.channeliq.com/buyonline/Z6_XhSpPNki4rh7I-kAuxg/643843718338?html=true,,,,,,[✔],,
http://wtb.app.channeliq.com/buyonline/Z6_XhSpPNki4rh7I-kAuxg/643843800026?html=true,,,,,,[✔],,
